scenario,students,tutors,loadFactorWeight,topK,runs,run,startedAt,durationMs,winner,fcfs-filter.averageScore,fcfs-filter.unassignedPercent,fcfs-filter.jainFairnessIndex,fcfs-best.averageScore,fcfs-best.unassignedPercent,fcfs-best.jainFairnessIndex,da-stable.averageScore,da-stable.unassignedPercent,da-stable.jainFairnessIndex,greedy-engine.averageScore,greedy-engine.unassignedPercent,greedy-engine.jainFairnessIndex,greedyMs,pairsScored,peakHeapEntries
moderate-1.5to1,150,100,0.05,inf,100,1,2026-09-03T20:08:24.203Z,76,greedy-engine,0.527049,4.00,0.515821,0.611996,6.67,0.644737,0.618647,7.33,0.605674,0.619380,7.33,0.633475,8,1062,1062

moderate-1.5to1,150,100,0.05,inf,100,2,2026-09-03T20:08:24.330Z,69,greedy-engine,0.527049,4.00,0.515821,0.611996,6.67,0.644737,0.618647,7.33,0.605674,0.619380,7.33,0.633475,10,1062,1062

moderate-1.5to1,150,100,0.05,inf,100,3,2026-09-03T20:08:24.456Z,97,greedy-engine,0.527049,4.00,0.515821,0.611996,6.67,0.644737,0.618647,7.33,0.605674,0.619380,7.33,0.633475,9,1062,1062

moderate-1.5to1,150,100,0.05,inf,100,4,2026-09-03T20:08:24.587Z,67,greedy-engine,0.527049,4.00,0.515821,0.611996,6.67,0.644737,0.618647,7.33,0.605674,0.619380,7.33,0.633475,9,1062,1062

moderate-1.5to1,150,100,0.05,inf,100,5,2026-09-03T20:08:24.687Z,67,greedy-engine,0.527049,4.00,0.515821,0.611996,6.67,0.644737,0.618647,7.33,0.605674,0.619380,7.33,0.633475,8,1062,1062

moderate-1.5to1,150,100,0.05,inf,100,6,2026-09-03T20:08:24.787Z,65,greedy-engine,0.527049,4.00,0.515821,0.611996,6.67,0.644737,0.618647,7.33,0.605674,0.619380,7.33,0.633475,8,1062,1062

moderate-1.5to1,150,100,0.05,inf,100,7,2026-09-03T20:08:24.889Z,73,greedy-engine,0.527049,4.00,0.515821,0.611996,6.67,0.644737,0.618647,7.33,0.605674,0.619380,7.33,0.633475,10,1062,1062

moderate-1.5to1,150,100,0.05,inf,100,8,2026-09-03T20:08:25.014Z,75,greedy-engine,0.527049,4.00,0.515821,0.611996,6.67,0.644737,0.618647,7.33,0.605674,0.619380,7.33,0.633475,8,1062,1062

moderate-1.5to1,150,100,0.05,inf,100,9,2026-09-03T20:08:25.121Z,70,greedy-engine,0.527049,4.00,0.515821,0.611996,6.67,0.644737,0.618647,7.33,0.605674,0.619380,7.33,0.633475,8,1062,1062

moderate-1.5to1,150,100,0.05,inf,100,10,2026-09-03T20:08:25.226Z,72,greedy-engine,0.527049,4.00,0.515821,0.611996,6.67,0.644737,0.618647,7.33,0.605674,0.619380,7.33,0.633475,9,1062,1062

moderate-1.5to1,150,100,0.05,inf,100,11,2026-09-03T20:08:25.333Z,69,greedy-engine,0.527049,4.00,0.515821,0.611996,6.67,0.644737,0.618647,7.33,0.605674,0.619380,7.33,0.633475,9,1062,1062

moderate-1.5to1,150,100,0.05,inf,100,12,2026-09-03T20:08:25.438Z,92,greedy-engine,0.527049,4.00,0.515821,0.611996,6.67,0.644737,0.618647,7.33,0.605674,0.619380,7.33,0.633475,10,1062,1062

moderate-1.5to1,150,100,0.05,inf,100,13,2026-09-03T20:08:25.572Z,65,greedy-engine,0.527049,4.00,0.515821,0.611996,6.67,0.644737,0.618647,7.33,0.605674,0.619380,7.33,0.633475,9,1062,1062

moderate-1.5to1,150,100,0.05,inf,100,14,2026-09-03T20:08:25.672Z,67,greedy-engine,0.527049,4.00,0.515821,0.611996,6.67,0.644737,0.618647,7.33,0.605674,0.619380,7.33,0.633475,9,1062,1062

moderate-1.5to1,150,100,0.05,inf,100,15,2026-09-03T20:08:25.773Z,66,greedy-engine,0.527049,4.00,0.515821,0.611996,6.67,0.644737,0.618647,7.33,0.605674,0.619380,7.33,0.633475,9,1062,1062

moderate-1.5to1,150,100,0.05,inf,100,16,2026-09-03T20:08:25.872Z,68,greedy-engine,0.527049,4.00,0.515821,0.611996,6.67,0.644737,0.618647,7.33,0.605674,0.619380,7.33,0.633475,8,1062,1062

moderate-1.5to1,150,100,0.05,inf,100,17,2026-09-03T20:08:25.975Z,100,greedy-engine,0.527049,4.00,0.515821,0.611996,6.67,0.644737,0.618647,7.33,0.605674,0.619380,7.33,0.633475,9,1062,1062

moderate-1.5to1,150,100,0.05,inf,100,18,2026-09-03T20:08:26.110Z,66,greedy-engine,0.527049,4.00,0.515821,0.611996,6.67,0.644737,0.618647,7.33,0.605674,0.619380,7.33,0.633475,8,1062,1062

moderate-1.5to1,150,100,0.05,inf,100,19,2026-09-03T20:08:26.209Z,64,greedy-engine,0.527049,4.00,0.515821,0.611996,6.67,0.644737,0.618647,7.33,0.605674,0.619380,7.33,0.633475,8,1062,1062

moderate-1.5to1,150,100,0.05,inf,100,20,2026-09-03T20:08:26.311Z,64,greedy-engine,0.527049,4.00,0.515821,0.611996,6.67,0.644737,0.618647,7.33,0.605674,0.619380,7.33,0.633475,8,1062,1062

moderate-1.5to1,150,100,0.05,inf,100,21,2026-09-03T20:08:26.407Z,76,greedy-engine,0.527049,4.00,0.515821,0.611996,6.67,0.644737,0.618647,7.33,0.605674,0.619380,7.33,0.633475,12,1062,1062

moderate-1.5to1,150,100,0.05,inf,100,22,2026-09-03T20:08:26.538Z,76,greedy-engine,0.527049,4.00,0.515821,0.611996,6.67,0.644737,0.618647,7.33,0.605674,0.619380,7.33,0.633475,8,1062,1062

moderate-1.5to1,150,100,0.05,inf,100,23,2026-09-03T20:08:26.649Z,64,greedy-engine,0.527049,4.00,0.515821,0.611996,6.67,0.644737,0.618647,7.33,0.605674,0.619380,7.33,0.633475,10,1062,1062

moderate-1.5to1,150,100,0.05,inf,100,24,2026-09-03T20:08:26.749Z,65,greedy-engine,0.527049,4.00,0.515821,0.611996,6.67,0.644737,0.618647,7.33,0.605674,0.619380,7.33,0.633475,10,1062,1062

moderate-1.5to1,150,100,0.05,inf,100,25,2026-09-03T20:08:26.850Z,68,greedy-engine,0.527049,4.00,0.515821,0.611996,6.67,0.644737,0.618647,7.33,0.605674,0.619380,7.33,0.633475,9,1062,1062

moderate-1.5to1,150,100,0.05,inf,100,26,2026-09-03T20:08:26.950Z,81,greedy-engine,0.527049,4.00,0.515821,0.611996,6.67,0.644737,0.618647,7.33,0.605674,0.619380,7.33,0.633475,12,1062,1062

moderate-1.5to1,150,100,0.05,inf,100,27,2026-09-03T20:08:27.075Z,73,greedy-engine,0.527049,4.00,0.515821,0.611996,6.67,0.644737,0.618647,7.33,0.605674,0.619380,7.33,0.633475,8,1062,1062

moderate-1.5to1,150,100,0.05,inf,100,28,2026-09-03T20:08:27.180Z,66,greedy-engine,0.527049,4.00,0.515821,0.611996,6.67,0.644737,0.618647,7.33,0.605674,0.619380,7.33,0.633475,9,1062,1062

moderate-1.5to1,150,100,0.05,inf,100,29,2026-09-03T20:08:27.281Z,69,greedy-engine,0.527049,4.00,0.515821,0.611996,6.67,0.644737,0.618647,7.33,0.605674,0.619380,7.33,0.633475,9,1062,1062

moderate-1.5to1,150,100,0.05,inf,100,30,2026-09-03T20:08:27.383Z,67,greedy-engine,0.527049,4.00,0.515821,0.611996,6.67,0.644737,0.618647,7.33,0.605674,0.619380,7.33,0.633475,8,1062,1062

moderate-1.5to1,150,100,0.05,inf,100,31,2026-09-03T20:08:27.483Z,86,greedy-engine,0.527049,4.00,0.515821,0.611996,6.67,0.644737,0.618647,7.33,0.605674,0.619380,7.33,0.633475,8,1062,1062

moderate-1.5to1,150,100,0.05,inf,100,32,2026-09-03T20:08:27.610Z,65,greedy-engine,0.527049,4.00,0.515821,0.611996,6.67,0.644737,0.618647,7.33,0.605674,0.619380,7.33,0.633475,10,1062,1062

moderate-1.5to1,150,100,0.05,inf,100,33,2026-09-03T20:08:27.709Z,67,greedy-engine,0.527049,4.00,0.515821,0.611996,6.67,0.644737,0.618647,7.33,0.605674,0.619380,7.33,0.633475,10,1062,1062

moderate-1.5to1,150,100,0.05,inf,100,34,2026-09-03T20:08:27.816Z,68,greedy-engine,0.527049,4.00,0.515821,0.611996,6.67,0.644737,0.618647,7.33,0.605674,0.619380,7.33,0.633475,7,1062,1062

moderate-1.5to1,150,100,0.05,inf,100,35,2026-09-03T20:08:27.916Z,65,greedy-engine,0.527049,4.00,0.515821,0.611996,6.67,0.644737,0.618647,7.33,0.605674,0.619380,7.33,0.633475,8,1062,1062

moderate-1.5to1,150,100,0.05,inf,100,36,2026-09-03T20:08:28.025Z,83,greedy-engine,0.527049,4.00,0.515821,0.611996,6.67,0.644737,0.618647,7.33,0.605674,0.619380,7.33,0.633475,8,1062,1062

moderate-1.5to1,150,100,0.05,inf,100,37,2026-09-03T20:08:28.141Z,68,greedy-engine,0.527049,4.00,0.515821,0.611996,6.67,0.644737,0.618647,7.33,0.605674,0.619380,7.33,0.633475,8,1062,1062

moderate-1.5to1,150,100,0.05,inf,100,38,2026-09-03T20:08:28.243Z,70,greedy-engine,0.527049,4.00,0.515821,0.611996,6.67,0.644737,0.618647,7.33,0.605674,0.619380,7.33,0.633475,8,1062,1062

moderate-1.5to1,150,100,0.05,inf,100,39,2026-09-03T20:08:28.353Z,67,greedy-engine,0.527049,4.00,0.515821,0.611996,6.67,0.644737,0.618647,7.33,0.605674,0.619380,7.33,0.633475,9,1062,1062

moderate-1.5to1,150,100,0.05,inf,100,40,2026-09-03T20:08:28.455Z,71,greedy-engine,0.527049,4.00,0.515821,0.611996,6.67,0.644737,0.618647,7.33,0.605674,0.619380,7.33,0.633475,12,1062,1062

moderate-1.5to1,150,100,0.05,inf,100,41,2026-09-03T20:08:28.576Z,74,greedy-engine,0.527049,4.00,0.515821,0.611996,6.67,0.644737,0.618647,7.33,0.605674,0.619380,7.33,0.633475,10,1062,1062

moderate-1.5to1,150,100,0.05,inf,100,42,2026-09-03T20:08:28.685Z,71,greedy-engine,0.527049,4.00,0.515821,0.611996,6.67,0.644737,0.618647,7.33,0.605674,0.619380,7.33,0.633475,9,1062,1062

moderate-1.5to1,150,100,0.05,inf,100,43,2026-09-03T20:08:28.790Z,78,greedy-engine,0.527049,4.00,0.515821,0.611996,6.67,0.644737,0.618647,7.33,0.605674,0.619380,7.33,0.633475,8,1062,1062

moderate-1.5to1,150,100,0.05,inf,100,44,2026-09-03T20:08:28.902Z,66,greedy-engine,0.527049,4.00,0.515821,0.611996,6.67,0.644737,0.618647,7.33,0.605674,0.619380,7.33,0.633475,8,1062,1062

moderate-1.5to1,150,100,0.05,inf,100,45,2026-09-03T20:08:29.001Z,96,greedy-engine,0.527049,4.00,0.515821,0.611996,6.67,0.644737,0.618647,7.33,0.605674,0.619380,7.33,0.633475,9,1062,1062

moderate-1.5to1,150,100,0.05,inf,100,46,2026-09-03T20:08:29.139Z,65,greedy-engine,0.527049,4.00,0.515821,0.611996,6.67,0.644737,0.618647,7.33,0.605674,0.619380,7.33,0.633475,8,1062,1062

moderate-1.5to1,150,100,0.05,inf,100,47,2026-09-03T20:08:29.240Z,65,greedy-engine,0.527049,4.00,0.515821,0.611996,6.67,0.644737,0.618647,7.33,0.605674,0.619380,7.33,0.633475,8,1062,1062

moderate-1.5to1,150,100,0.05,inf,100,48,2026-09-03T20:08:29.339Z,75,greedy-engine,0.527049,4.00,0.515821,0.611996,6.67,0.644737,0.618647,7.33,0.605674,0.619380,7.33,0.633475,8,1062,1062

moderate-1.5to1,150,100,0.05,inf,100,49,2026-09-03T20:08:29.448Z,72,greedy-engine,0.527049,4.00,0.515821,0.611996,6.67,0.644737,0.618647,7.33,0.605674,0.619380,7.33,0.633475,12,1062,1062

moderate-1.5to1,150,100,0.05,inf,100,50,2026-09-03T20:08:29.572Z,89,greedy-engine,0.527049,4.00,0.515821,0.611996,6.67,0.644737,0.618647,7.33,0.605674,0.619380,7.33,0.633475,8,1062,1062

moderate-1.5to1,150,100,0.05,inf,100,51,2026-09-03T20:08:29.696Z,63,greedy-engine,0.527049,4.00,0.515821,0.611996,6.67,0.644737,0.618647,7.33,0.605674,0.619380,7.33,0.633475,10,1062,1062

moderate-1.5to1,150,100,0.05,inf,100,52,2026-09-03T20:08:29.794Z,66,greedy-engine,0.527049,4.00,0.515821,0.611996,6.67,0.644737,0.618647,7.33,0.605674,0.619380,7.33,0.633475,9,1062,1062

moderate-1.5to1,150,100,0.05,inf,100,53,2026-09-03T20:08:29.893Z,65,greedy-engine,0.527049,4.00,0.515821,0.611996,6.67,0.644737,0.618647,7.33,0.605674,0.619380,7.33,0.633475,8,1062,1062

moderate-1.5to1,150,100,0.05,inf,100,54,2026-09-03T20:08:29.991Z,91,greedy-engine,0.527049,4.00,0.515821,0.611996,6.67,0.644737,0.618647,7.33,0.605674,0.619380,7.33,0.633475,11,1062,1062

moderate-1.5to1,150,100,0.05,inf,100,55,2026-09-03T20:08:30.123Z,75,greedy-engine,0.527049,4.00,0.515821,0.611996,6.67,0.644737,0.618647,7.33,0.605674,0.619380,7.33,0.633475,8,1062,1062

moderate-1.5to1,150,100,0.05,inf,100,56,2026-09-03T20:08:30.232Z,65,greedy-engine,0.527049,4.00,0.515821,0.611996,6.67,0.644737,0.618647,7.33,0.605674,0.619380,7.33,0.633475,7,1062,1062

moderate-1.5to1,150,100,0.05,inf,100,57,2026-09-03T20:08:30.329Z,68,greedy-engine,0.527049,4.00,0.515821,0.611996,6.67,0.644737,0.618647,7.33,0.605674,0.619380,7.33,0.633475,9,1062,1062

moderate-1.5to1,150,100,0.05,inf,100,58,2026-09-03T20:08:30.430Z,70,greedy-engine,0.527049,4.00,0.515821,0.611996,6.67,0.644737,0.618647,7.33,0.605674,0.619380,7.33,0.633475,8,1062,1062

moderate-1.5to1,150,100,0.05,inf,100,59,2026-09-03T20:08:30.534Z,83,greedy-engine,0.527049,4.00,0.515821,0.611996,6.67,0.644737,0.618647,7.33,0.605674,0.619380,7.33,0.633475,13,1062,1062

moderate-1.5to1,150,100,0.05,inf,100,60,2026-09-03T20:08:30.664Z,70,greedy-engine,0.527049,4.00,0.515821,0.611996,6.67,0.644737,0.618647,7.33,0.605674,0.619380,7.33,0.633475,7,1062,1062

moderate-1.5to1,150,100,0.05,inf,100,61,2026-09-03T20:08:30.767Z,64,greedy-engine,0.527049,4.00,0.515821,0.611996,6.67,0.644737,0.618647,7.33,0.605674,0.619380,7.33,0.633475,9,1062,1062

moderate-1.5to1,150,100,0.05,inf,100,62,2026-09-03T20:08:30.866Z,68,greedy-engine,0.527049,4.00,0.515821,0.611996,6.67,0.644737,0.618647,7.33,0.605674,0.619380,7.33,0.633475,9,1062,1062

moderate-1.5to1,150,100,0.05,inf,100,63,2026-09-03T20:08:30.968Z,70,greedy-engine,0.527049,4.00,0.515821,0.611996,6.67,0.644737,0.618647,7.33,0.605674,0.619380,7.33,0.633475,8,1062,1062

moderate-1.5to1,150,100,0.05,inf,100,64,2026-09-03T20:08:31.070Z,86,greedy-engine,0.527049,4.00,0.515821,0.611996,6.67,0.644737,0.618647,7.33,0.605674,0.619380,7.33,0.633475,13,1062,1062

moderate-1.5to1,150,100,0.05,inf,100,65,2026-09-03T20:08:31.194Z,69,greedy-engine,0.527049,4.00,0.515821,0.611996,6.67,0.644737,0.618647,7.33,0.605674,0.619380,7.33,0.633475,9,1062,1062

moderate-1.5to1,150,100,0.05,inf,100,66,2026-09-03T20:08:31.299Z,64,greedy-engine,0.527049,4.00,0.515821,0.611996,6.67,0.644737,0.618647,7.33,0.605674,0.619380,7.33,0.633475,10,1062,1062

moderate-1.5to1,150,100,0.05,inf,100,67,2026-09-03T20:08:31.404Z,66,greedy-engine,0.527049,4.00,0.515821,0.611996,6.67,0.644737,0.618647,7.33,0.605674,0.619380,7.33,0.633475,9,1062,1062

moderate-1.5to1,150,100,0.05,inf,100,68,2026-09-03T20:08:31.503Z,68,greedy-engine,0.527049,4.00,0.515821,0.611996,6.67,0.644737,0.618647,7.33,0.605674,0.619380,7.33,0.633475,9,1062,1062

moderate-1.5to1,150,100,0.05,inf,100,69,2026-09-03T20:08:31.615Z,103,greedy-engine,0.527049,4.00,0.515821,0.611996,6.67,0.644737,0.618647,7.33,0.605674,0.619380,7.33,0.633475,8,1062,1062

moderate-1.5to1,150,100,0.05,inf,100,70,2026-09-03T20:08:31.753Z,78,greedy-engine,0.527049,4.00,0.515821,0.611996,6.67,0.644737,0.618647,7.33,0.605674,0.619380,7.33,0.633475,8,1062,1062

moderate-1.5to1,150,100,0.05,inf,100,71,2026-09-03T20:08:31.880Z,64,greedy-engine,0.527049,4.00,0.515821,0.611996,6.67,0.644737,0.618647,7.33,0.605674,0.619380,7.33,0.633475,11,1062,1062

moderate-1.5to1,150,100,0.05,inf,100,72,2026-09-03T20:08:31.979Z,68,greedy-engine,0.527049,4.00,0.515821,0.611996,6.67,0.644737,0.618647,7.33,0.605674,0.619380,7.33,0.633475,9,1062,1062

moderate-1.5to1,150,100,0.05,inf,100,73,2026-09-03T20:08:32.081Z,83,greedy-engine,0.527049,4.00,0.515821,0.611996,6.67,0.644737,0.618647,7.33,0.605674,0.619380,7.33,0.633475,10,1062,1062

moderate-1.5to1,150,100,0.05,inf,100,74,2026-09-03T20:08:32.204Z,71,greedy-engine,0.527049,4.00,0.515821,0.611996,6.67,0.644737,0.618647,7.33,0.605674,0.619380,7.33,0.633475,8,1062,1062

moderate-1.5to1,150,100,0.05,inf,100,75,2026-09-03T20:08:32.308Z,71,greedy-engine,0.527049,4.00,0.515821,0.611996,6.67,0.644737,0.618647,7.33,0.605674,0.619380,7.33,0.633475,8,1062,1062

moderate-1.5to1,150,100,0.05,inf,100,76,2026-09-03T20:08:32.415Z,64,greedy-engine,0.527049,4.00,0.515821,0.611996,6.67,0.644737,0.618647,7.33,0.605674,0.619380,7.33,0.633475,8,1062,1062

moderate-1.5to1,150,100,0.05,inf,100,77,2026-09-03T20:08:32.523Z,67,greedy-engine,0.527049,4.00,0.515821,0.611996,6.67,0.644737,0.618647,7.33,0.605674,0.619380,7.33,0.633475,10,1062,1062

moderate-1.5to1,150,100,0.05,inf,100,78,2026-09-03T20:08:32.625Z,84,greedy-engine,0.527049,4.00,0.515821,0.611996,6.67,0.644737,0.618647,7.33,0.605674,0.619380,7.33,0.633475,10,1062,1062

moderate-1.5to1,150,100,0.05,inf,100,79,2026-09-03T20:08:32.751Z,67,greedy-engine,0.527049,4.00,0.515821,0.611996,6.67,0.644737,0.618647,7.33,0.605674,0.619380,7.33,0.633475,9,1062,1062

moderate-1.5to1,150,100,0.05,inf,100,80,2026-09-03T20:08:32.853Z,65,greedy-engine,0.527049,4.00,0.515821,0.611996,6.67,0.644737,0.618647,7.33,0.605674,0.619380,7.33,0.633475,7,1062,1062

moderate-1.5to1,150,100,0.05,inf,100,81,2026-09-03T20:08:32.950Z,72,greedy-engine,0.527049,4.00,0.515821,0.611996,6.67,0.644737,0.618647,7.33,0.605674,0.619380,7.33,0.633475,7,1062,1062

moderate-1.5to1,150,100,0.05,inf,100,82,2026-09-03T20:08:33.056Z,68,greedy-engine,0.527049,4.00,0.515821,0.611996,6.67,0.644737,0.618647,7.33,0.605674,0.619380,7.33,0.633475,9,1062,1062

moderate-1.5to1,150,100,0.05,inf,100,83,2026-09-03T20:08:33.170Z,89,greedy-engine,0.527049,4.00,0.515821,0.611996,6.67,0.644737,0.618647,7.33,0.605674,0.619380,7.33,0.633475,8,1062,1062

moderate-1.5to1,150,100,0.05,inf,100,84,2026-09-03T20:08:33.294Z,69,greedy-engine,0.527049,4.00,0.515821,0.611996,6.67,0.644737,0.618647,7.33,0.605674,0.619380,7.33,0.633475,8,1062,1062

moderate-1.5to1,150,100,0.05,inf,100,85,2026-09-03T20:08:33.397Z,75,greedy-engine,0.527049,4.00,0.515821,0.611996,6.67,0.644737,0.618647,7.33,0.605674,0.619380,7.33,0.633475,8,1062,1062

moderate-1.5to1,150,100,0.05,inf,100,86,2026-09-03T20:08:33.507Z,69,greedy-engine,0.527049,4.00,0.515821,0.611996,6.67,0.644737,0.618647,7.33,0.605674,0.619380,7.33,0.633475,10,1062,1062

moderate-1.5to1,150,100,0.05,inf,100,87,2026-09-03T20:08:33.610Z,83,greedy-engine,0.527049,4.00,0.515821,0.611996,6.67,0.644737,0.618647,7.33,0.605674,0.619380,7.33,0.633475,14,1062,1062

moderate-1.5to1,150,100,0.05,inf,100,88,2026-09-03T20:08:33.739Z,72,greedy-engine,0.527049,4.00,0.515821,0.611996,6.67,0.644737,0.618647,7.33,0.605674,0.619380,7.33,0.633475,8,1062,1062

moderate-1.5to1,150,100,0.05,inf,100,89,2026-09-03T20:08:33.844Z,66,greedy-engine,0.527049,4.00,0.515821,0.611996,6.67,0.644737,0.618647,7.33,0.605674,0.619380,7.33,0.633475,8,1062,1062

moderate-1.5to1,150,100,0.05,inf,100,90,2026-09-03T20:08:33.943Z,70,greedy-engine,0.527049,4.00,0.515821,0.611996,6.67,0.644737,0.618647,7.33,0.605674,0.619380,7.33,0.633475,7,1062,1062

moderate-1.5to1,150,100,0.05,inf,100,91,2026-09-03T20:08:34.048Z,66,greedy-engine,0.527049,4.00,0.515821,0.611996,6.67,0.644737,0.618647,7.33,0.605674,0.619380,7.33,0.633475,8,1062,1062

moderate-1.5to1,150,100,0.05,inf,100,92,2026-09-03T20:08:34.148Z,80,greedy-engine,0.527049,4.00,0.515821,0.611996,6.67,0.644737,0.618647,7.33,0.605674,0.619380,7.33,0.633475,9,1062,1062

moderate-1.5to1,150,100,0.05,inf,100,93,2026-09-03T20:08:34.269Z,66,greedy-engine,0.527049,4.00,0.515821,0.611996,6.67,0.644737,0.618647,7.33,0.605674,0.619380,7.33,0.633475,8,1062,1062

moderate-1.5to1,150,100,0.05,inf,100,94,2026-09-03T20:08:34.368Z,67,greedy-engine,0.527049,4.00,0.515821,0.611996,6.67,0.644737,0.618647,7.33,0.605674,0.619380,7.33,0.633475,10,1062,1062

moderate-1.5to1,150,100,0.05,inf,100,95,2026-09-03T20:08:34.484Z,67,greedy-engine,0.527049,4.00,0.515821,0.611996,6.67,0.644737,0.618647,7.33,0.605674,0.619380,7.33,0.633475,11,1062,1062

moderate-1.5to1,150,100,0.05,inf,100,96,2026-09-03T20:08:34.590Z,65,greedy-engine,0.527049,4.00,0.515821,0.611996,6.67,0.644737,0.618647,7.33,0.605674,0.619380,7.33,0.633475,13,1062,1062

moderate-1.5to1,150,100,0.05,inf,100,97,2026-09-03T20:08:34.704Z,79,greedy-engine,0.527049,4.00,0.515821,0.611996,6.67,0.644737,0.618647,7.33,0.605674,0.619380,7.33,0.633475,9,1062,1062

moderate-1.5to1,150,100,0.05,inf,100,98,2026-09-03T20:08:34.816Z,65,greedy-engine,0.527049,4.00,0.515821,0.611996,6.67,0.644737,0.618647,7.33,0.605674,0.619380,7.33,0.633475,9,1062,1062

moderate-1.5to1,150,100,0.05,inf,100,99,2026-09-03T20:08:34.915Z,67,greedy-engine,0.527049,4.00,0.515821,0.611996,6.67,0.644737,0.618647,7.33,0.605674,0.619380,7.33,0.633475,8,1062,1062

moderate-1.5to1,150,100,0.05,inf,100,100,2026-09-03T20:08:35.017Z,70,greedy-engine,0.527049,4.00,0.515821,0.611996,6.67,0.644737,0.618647,7.33,0.605674,0.619380,7.33,0.633475,8,1062,1062

moderate-1.5to1,150,100,0,inf,100,1,2026-09-03T20:08:35.118Z,74,da-stable,0.518375,4.00,0.515821,0.603427,6.67,0.616352,0.610840,7.33,0.605674,0.610611,7.33,0.594492,13,1062,1062

moderate-1.5to1,150,100,0,inf,100,2,2026-09-03T20:08:35.241Z,74,da-stable,0.518375,4.00,0.515821,0.603427,6.67,0.616352,0.610840,7.33,0.605674,0.610611,7.33,0.594492,9,1062,1062

moderate-1.5to1,150,100,0,inf,100,3,2026-09-03T20:08:35.348Z,70,da-stable,0.518375,4.00,0.515821,0.603427,6.67,0.616352,0.610840,7.33,0.605674,0.610611,7.33,0.594492,9,1062,1062

moderate-1.5to1,150,100,0,inf,100,4,2026-09-03T20:08:35.453Z,70,da-stable,0.518375,4.00,0.515821,0.603427,6.67,0.616352,0.610840,7.33,0.605674,0.610611,7.33,0.594492,10,1062,1062

moderate-1.5to1,150,100,0,inf,100,5,2026-09-03T20:08:35.560Z,68,da-stable,0.518375,4.00,0.515821,0.603427,6.67,0.616352,0.610840,7.33,0.605674,0.610611,7.33,0.594492,8,1062,1062

moderate-1.5to1,150,100,0,inf,100,6,2026-09-03T20:08:35.664Z,85,da-stable,0.518375,4.00,0.515821,0.603427,6.67,0.616352,0.610840,7.33,0.605674,0.610611,7.33,0.594492,9,1062,1062

moderate-1.5to1,150,100,0,inf,100,7,2026-09-03T20:08:35.791Z,67,da-stable,0.518375,4.00,0.515821,0.603427,6.67,0.616352,0.610840,7.33,0.605674,0.610611,7.33,0.594492,8,1062,1062

moderate-1.5to1,150,100,0,inf,100,8,2026-09-03T20:08:35.890Z,65,da-stable,0.518375,4.00,0.515821,0.603427,6.67,0.616352,0.610840,7.33,0.605674,0.610611,7.33,0.594492,9,1062,1062

moderate-1.5to1,150,100,0,inf,100,9,2026-09-03T20:08:35.990Z,70,da-stable,0.518375,4.00,0.515821,0.603427,6.67,0.616352,0.610840,7.33,0.605674,0.610611,7.33,0.594492,8,1062,1062

moderate-1.5to1,150,100,0,inf,100,10,2026-09-03T20:08:36.092Z,64,da-stable,0.518375,4.00,0.515821,0.603427,6.67,0.616352,0.610840,7.33,0.605674,0.610611,7.33,0.594492,8,1062,1062

moderate-1.5to1,150,100,0,inf,100,11,2026-09-03T20:08:36.189Z,94,da-stable,0.518375,4.00,0.515821,0.603427,6.67,0.616352,0.610840,7.33,0.605674,0.610611,7.33,0.594492,10,1062,1062

moderate-1.5to1,150,100,0,inf,100,12,2026-09-03T20:08:36.325Z,63,da-stable,0.518375,4.00,0.515821,0.603427,6.67,0.616352,0.610840,7.33,0.605674,0.610611,7.33,0.594492,8,1062,1062

moderate-1.5to1,150,100,0,inf,100,13,2026-09-03T20:08:36.433Z,72,da-stable,0.518375,4.00,0.515821,0.603427,6.67,0.616352,0.610840,7.33,0.605674,0.610611,7.33,0.594492,10,1062,1062

moderate-1.5to1,150,100,0,inf,100,14,2026-09-03T20:08:36.540Z,66,da-stable,0.518375,4.00,0.515821,0.603427,6.67,0.616352,0.610840,7.33,0.605674,0.610611,7.33,0.594492,9,1062,1062

moderate-1.5to1,150,100,0,inf,100,15,2026-09-03T20:08:36.641Z,68,da-stable,0.518375,4.00,0.515821,0.603427,6.67,0.616352,0.610840,7.33,0.605674,0.610611,7.33,0.594492,12,1062,1062

moderate-1.5to1,150,100,0,inf,100,16,2026-09-03T20:08:36.758Z,82,da-stable,0.518375,4.00,0.515821,0.603427,6.67,0.616352,0.610840,7.33,0.605674,0.610611,7.33,0.594492,9,1062,1062

moderate-1.5to1,150,100,0,inf,100,17,2026-09-03T20:08:36.875Z,65,da-stable,0.518375,4.00,0.515821,0.603427,6.67,0.616352,0.610840,7.33,0.605674,0.610611,7.33,0.594492,9,1062,1062

moderate-1.5to1,150,100,0,inf,100,18,2026-09-03T20:08:36.975Z,72,da-stable,0.518375,4.00,0.515821,0.603427,6.67,0.616352,0.610840,7.33,0.605674,0.610611,7.33,0.594492,8,1062,1062

moderate-1.5to1,150,100,0,inf,100,19,2026-09-03T20:08:37.079Z,69,da-stable,0.518375,4.00,0.515821,0.603427,6.67,0.616352,0.610840,7.33,0.605674,0.610611,7.33,0.594492,9,1062,1062

moderate-1.5to1,150,100,0,inf,100,20,2026-09-03T20:08:37.180Z,77,da-stable,0.518375,4.00,0.515821,0.603427,6.67,0.616352,0.610840,7.33,0.605674,0.610611,7.33,0.594492,10,1062,1062

moderate-1.5to1,150,100,0,inf,100,21,2026-09-03T20:08:37.306Z,85,da-stable,0.518375,4.00,0.515821,0.603427,6.67,0.616352,0.610840,7.33,0.605674,0.610611,7.33,0.594492,8,1062,1062

moderate-1.5to1,150,100,0,inf,100,22,2026-09-03T20:08:37.426Z,69,da-stable,0.518375,4.00,0.515821,0.603427,6.67,0.616352,0.610840,7.33,0.605674,0.610611,7.33,0.594492,10,1062,1062

moderate-1.5to1,150,100,0,inf,100,23,2026-09-03T20:08:37.529Z,66,da-stable,0.518375,4.00,0.515821,0.603427,6.67,0.616352,0.610840,7.33,0.605674,0.610611,7.33,0.594492,8,1062,1062

moderate-1.5to1,150,100,0,inf,100,24,2026-09-03T20:08:37.633Z,64,da-stable,0.518375,4.00,0.515821,0.603427,6.67,0.616352,0.610840,7.33,0.605674,0.610611,7.33,0.594492,8,1062,1062

moderate-1.5to1,150,100,0,inf,100,25,2026-09-03T20:08:37.729Z,95,da-stable,0.518375,4.00,0.515821,0.603427,6.67,0.616352,0.610840,7.33,0.605674,0.610611,7.33,0.594492,12,1062,1062

moderate-1.5to1,150,100,0,inf,100,26,2026-09-03T20:08:37.864Z,68,da-stable,0.518375,4.00,0.515821,0.603427,6.67,0.616352,0.610840,7.33,0.605674,0.610611,7.33,0.594492,10,1062,1062

moderate-1.5to1,150,100,0,inf,100,27,2026-09-03T20:08:37.968Z,71,da-stable,0.518375,4.00,0.515821,0.603427,6.67,0.616352,0.610840,7.33,0.605674,0.610611,7.33,0.594492,8,1062,1062

moderate-1.5to1,150,100,0,inf,100,28,2026-09-03T20:08:38.073Z,63,da-stable,0.518375,4.00,0.515821,0.603427,6.67,0.616352,0.610840,7.33,0.605674,0.610611,7.33,0.594492,8,1062,1062

moderate-1.5to1,150,100,0,inf,100,29,2026-09-03T20:08:38.170Z,65,da-stable,0.518375,4.00,0.515821,0.603427,6.67,0.616352,0.610840,7.33,0.605674,0.610611,7.33,0.594492,8,1062,1062

moderate-1.5to1,150,100,0,inf,100,30,2026-09-03T20:08:38.279Z,87,da-stable,0.518375,4.00,0.515821,0.603427,6.67,0.616352,0.610840,7.33,0.605674,0.610611,7.33,0.594492,8,1062,1062

moderate-1.5to1,150,100,0,inf,100,31,2026-09-03T20:08:38.400Z,65,da-stable,0.518375,4.00,0.515821,0.603427,6.67,0.616352,0.610840,7.33,0.605674,0.610611,7.33,0.594492,11,1062,1062

moderate-1.5to1,150,100,0,inf,100,32,2026-09-03T20:08:38.513Z,66,da-stable,0.518375,4.00,0.515821,0.603427,6.67,0.616352,0.610840,7.33,0.605674,0.610611,7.33,0.594492,9,1062,1062

moderate-1.5to1,150,100,0,inf,100,33,2026-09-03T20:08:38.614Z,68,da-stable,0.518375,4.00,0.515821,0.603427,6.67,0.616352,0.610840,7.33,0.605674,0.610611,7.33,0.594492,9,1062,1062

moderate-1.5to1,150,100,0,inf,100,34,2026-09-03T20:08:38.715Z,88,da-stable,0.518375,4.00,0.515821,0.603427,6.67,0.616352,0.610840,7.33,0.605674,0.610611,7.33,0.594492,15,1062,1062

moderate-1.5to1,150,100,0,inf,100,35,2026-09-03T20:08:38.852Z,73,da-stable,0.518375,4.00,0.515821,0.603427,6.67,0.616352,0.610840,7.33,0.605674,0.610611,7.33,0.594492,8,1062,1062

moderate-1.5to1,150,100,0,inf,100,36,2026-09-03T20:08:38.958Z,66,da-stable,0.518375,4.00,0.515821,0.603427,6.67,0.616352,0.610840,7.33,0.605674,0.610611,7.33,0.594492,8,1062,1062

moderate-1.5to1,150,100,0,inf,100,37,2026-09-03T20:08:39.056Z,64,da-stable,0.518375,4.00,0.515821,0.603427,6.67,0.616352,0.610840,7.33,0.605674,0.610611,7.33,0.594492,8,1062,1062

moderate-1.5to1,150,100,0,inf,100,38,2026-09-03T20:08:39.155Z,62,da-stable,0.518375,4.00,0.515821,0.603427,6.67,0.616352,0.610840,7.33,0.605674,0.610611,7.33,0.594492,8,1062,1062

moderate-1.5to1,150,100,0,inf,100,39,2026-09-03T20:08:39.250Z,99,da-stable,0.518375,4.00,0.515821,0.603427,6.67,0.616352,0.610840,7.33,0.605674,0.610611,7.33,0.594492,8,1062,1062

moderate-1.5to1,150,100,0,inf,100,40,2026-09-03T20:08:39.390Z,66,da-stable,0.518375,4.00,0.515821,0.603427,6.67,0.616352,0.610840,7.33,0.605674,0.610611,7.33,0.594492,8,1062,1062

moderate-1.5to1,150,100,0,inf,100,41,2026-09-03T20:08:39.489Z,73,da-stable,0.518375,4.00,0.515821,0.603427,6.67,0.616352,0.610840,7.33,0.605674,0.610611,7.33,0.594492,9,1062,1062

moderate-1.5to1,150,100,0,inf,100,42,2026-09-03T20:08:39.598Z,65,da-stable,0.518375,4.00,0.515821,0.603427,6.67,0.616352,0.610840,7.33,0.605674,0.610611,7.33,0.594492,11,1062,1062

moderate-1.5to1,150,100,0,inf,100,43,2026-09-03T20:08:39.705Z,69,da-stable,0.518375,4.00,0.515821,0.603427,6.67,0.616352,0.610840,7.33,0.605674,0.610611,7.33,0.594492,12,1062,1062

moderate-1.5to1,150,100,0,inf,100,44,2026-09-03T20:08:39.823Z,73,da-stable,0.518375,4.00,0.515821,0.603427,6.67,0.616352,0.610840,7.33,0.605674,0.610611,7.33,0.594492,8,1062,1062

moderate-1.5to1,150,100,0,inf,100,45,2026-09-03T20:08:39.930Z,68,da-stable,0.518375,4.00,0.515821,0.603427,6.67,0.616352,0.610840,7.33,0.605674,0.610611,7.33,0.594492,8,1062,1062

moderate-1.5to1,150,100,0,inf,100,46,2026-09-03T20:08:40.030Z,64,da-stable,0.518375,4.00,0.515821,0.603427,6.67,0.616352,0.610840,7.33,0.605674,0.610611,7.33,0.594492,8,1062,1062

moderate-1.5to1,150,100,0,inf,100,47,2026-09-03T20:08:40.127Z,66,da-stable,0.518375,4.00,0.515821,0.603427,6.67,0.616352,0.610840,7.33,0.605674,0.610611,7.33,0.594492,8,1062,1062

moderate-1.5to1,150,100,0,inf,100,48,2026-09-03T20:08:40.227Z,77,da-stable,0.518375,4.00,0.515821,0.603427,6.67,0.616352,0.610840,7.33,0.605674,0.610611,7.33,0.594492,11,1062,1062

moderate-1.5to1,150,100,0,inf,100,49,2026-09-03T20:08:40.344Z,74,da-stable,0.518375,4.00,0.515821,0.603427,6.67,0.616352,0.610840,7.33,0.605674,0.610611,7.33,0.594492,8,1062,1062

moderate-1.5to1,150,100,0,inf,100,50,2026-09-03T20:08:40.452Z,69,da-stable,0.518375,4.00,0.515821,0.603427,6.67,0.616352,0.610840,7.33,0.605674,0.610611,7.33,0.594492,11,1062,1062

moderate-1.5to1,150,100,0,inf,100,51,2026-09-03T20:08:40.559Z,63,da-stable,0.518375,4.00,0.515821,0.603427,6.67,0.616352,0.610840,7.33,0.605674,0.610611,7.33,0.594492,10,1062,1062

moderate-1.5to1,150,100,0,inf,100,52,2026-09-03T20:08:40.656Z,72,da-stable,0.518375,4.00,0.515821,0.603427,6.67,0.616352,0.610840,7.33,0.605674,0.610611,7.33,0.594492,9,1062,1062

moderate-1.5to1,150,100,0,inf,100,53,2026-09-03T20:08:40.763Z,88,da-stable,0.518375,4.00,0.515821,0.603427,6.67,0.616352,0.610840,7.33,0.605674,0.610611,7.33,0.594492,8,1062,1062

moderate-1.5to1,150,100,0,inf,100,54,2026-09-03T20:08:40.891Z,67,da-stable,0.518375,4.00,0.515821,0.603427,6.67,0.616352,0.610840,7.33,0.605674,0.610611,7.33,0.594492,9,1062,1062

moderate-1.5to1,150,100,0,inf,100,55,2026-09-03T20:08:40.991Z,70,da-stable,0.518375,4.00,0.515821,0.603427,6.67,0.616352,0.610840,7.33,0.605674,0.610611,7.33,0.594492,8,1062,1062

moderate-1.5to1,150,100,0,inf,100,56,2026-09-03T20:08:41.095Z,67,da-stable,0.518375,4.00,0.515821,0.603427,6.67,0.616352,0.610840,7.33,0.605674,0.610611,7.33,0.594492,8,1062,1062

moderate-1.5to1,150,100,0,inf,100,57,2026-09-03T20:08:41.203Z,63,da-stable,0.518375,4.00,0.515821,0.603427,6.67,0.616352,0.610840,7.33,0.605674,0.610611,7.33,0.594492,10,1062,1062

moderate-1.5to1,150,100,0,inf,100,58,2026-09-03T20:08:41.302Z,87,da-stable,0.518375,4.00,0.515821,0.603427,6.67,0.616352,0.610840,7.33,0.605674,0.610611,7.33,0.594492,10,1062,1062

moderate-1.5to1,150,100,0,inf,100,59,2026-09-03T20:08:41.428Z,64,da-stable,0.518375,4.00,0.515821,0.603427,6.67,0.616352,0.610840,7.33,0.605674,0.610611,7.33,0.594492,8,1062,1062

moderate-1.5to1,150,100,0,inf,100,60,2026-09-03T20:08:41.526Z,69,da-stable,0.518375,4.00,0.515821,0.603427,6.67,0.616352,0.610840,7.33,0.605674,0.610611,7.33,0.594492,8,1062,1062

moderate-1.5to1,150,100,0,inf,100,61,2026-09-03T20:08:41.629Z,68,da-stable,0.518375,4.00,0.515821,0.603427,6.67,0.616352,0.610840,7.33,0.605674,0.610611,7.33,0.594492,9,1062,1062

moderate-1.5to1,150,100,0,inf,100,62,2026-09-03T20:08:41.733Z,67,da-stable,0.518375,4.00,0.515821,0.603427,6.67,0.616352,0.610840,7.33,0.605674,0.610611,7.33,0.594492,8,1062,1062

moderate-1.5to1,150,100,0,inf,100,63,2026-09-03T20:08:41.844Z,84,da-stable,0.518375,4.00,0.515821,0.603427,6.67,0.616352,0.610840,7.33,0.605674,0.610611,7.33,0.594492,9,1062,1062

moderate-1.5to1,150,100,0,inf,100,64,2026-09-03T20:08:41.962Z,74,da-stable,0.518375,4.00,0.515821,0.603427,6.67,0.616352,0.610840,7.33,0.605674,0.610611,7.33,0.594492,8,1062,1062

moderate-1.5to1,150,100,0,inf,100,65,2026-09-03T20:08:42.071Z,64,da-stable,0.518375,4.00,0.515821,0.603427,6.67,0.616352,0.610840,7.33,0.605674,0.610611,7.33,0.594492,9,1062,1062

moderate-1.5to1,150,100,0,inf,100,66,2026-09-03T20:08:42.170Z,62,da-stable,0.518375,4.00,0.515821,0.603427,6.67,0.616352,0.610840,7.33,0.605674,0.610611,7.33,0.594492,11,1062,1062

moderate-1.5to1,150,100,0,inf,100,67,2026-09-03T20:08:42.271Z,85,da-stable,0.518375,4.00,0.515821,0.603427,6.67,0.616352,0.610840,7.33,0.605674,0.610611,7.33,0.594492,10,1062,1062

moderate-1.5to1,150,100,0,inf,100,68,2026-09-03T20:08:42.403Z,78,da-stable,0.518375,4.00,0.515821,0.603427,6.67,0.616352,0.610840,7.33,0.605674,0.610611,7.33,0.594492,8,1062,1062

moderate-1.5to1,150,100,0,inf,100,69,2026-09-03T20:08:42.517Z,71,da-stable,0.518375,4.00,0.515821,0.603427,6.67,0.616352,0.610840,7.33,0.605674,0.610611,7.33,0.594492,9,1062,1062

moderate-1.5to1,150,100,0,inf,100,70,2026-09-03T20:08:42.633Z,67,da-stable,0.518375,4.00,0.515821,0.603427,6.67,0.616352,0.610840,7.33,0.605674,0.610611,7.33,0.594492,9,1062,1062

moderate-1.5to1,150,100,0,inf,100,71,2026-09-03T20:08:42.734Z,66,da-stable,0.518375,4.00,0.515821,0.603427,6.67,0.616352,0.610840,7.33,0.605674,0.610611,7.33,0.594492,10,1062,1062

moderate-1.5to1,150,100,0,inf,100,72,2026-09-03T20:08:42.872Z,158,da-stable,0.518375,4.00,0.515821,0.603427,6.67,0.616352,0.610840,7.33,0.605674,0.610611,7.33,0.594492,8,1062,1062

moderate-1.5to1,150,100,0,inf,100,73,2026-09-03T20:08:43.062Z,65,da-stable,0.518375,4.00,0.515821,0.603427,6.67,0.616352,0.610840,7.33,0.605674,0.610611,7.33,0.594492,8,1062,1062

moderate-1.5to1,150,100,0,inf,100,74,2026-09-03T20:08:43.160Z,64,da-stable,0.518375,4.00,0.515821,0.603427,6.67,0.616352,0.610840,7.33,0.605674,0.610611,7.33,0.594492,9,1062,1062

moderate-1.5to1,150,100,0,inf,100,75,2026-09-03T20:08:43.260Z,63,da-stable,0.518375,4.00,0.515821,0.603427,6.67,0.616352,0.610840,7.33,0.605674,0.610611,7.33,0.594492,8,1062,1062

moderate-1.5to1,150,100,0,inf,100,76,2026-09-03T20:08:43.363Z,90,da-stable,0.518375,4.00,0.515821,0.603427,6.67,0.616352,0.610840,7.33,0.605674,0.610611,7.33,0.594492,8,1062,1062

moderate-1.5to1,150,100,0,inf,100,77,2026-09-03T20:08:43.486Z,67,da-stable,0.518375,4.00,0.515821,0.603427,6.67,0.616352,0.610840,7.33,0.605674,0.610611,7.33,0.594492,7,1062,1062

moderate-1.5to1,150,100,0,inf,100,78,2026-09-03T20:08:43.587Z,69,da-stable,0.518375,4.00,0.515821,0.603427,6.67,0.616352,0.610840,7.33,0.605674,0.610611,7.33,0.594492,8,1062,1062

moderate-1.5to1,150,100,0,inf,100,79,2026-09-03T20:08:43.692Z,72,da-stable,0.518375,4.00,0.515821,0.603427,6.67,0.616352,0.610840,7.33,0.605674,0.610611,7.33,0.594492,11,1062,1062

moderate-1.5to1,150,100,0,inf,100,80,2026-09-03T20:08:43.800Z,74,da-stable,0.518375,4.00,0.515821,0.603427,6.67,0.616352,0.610840,7.33,0.605674,0.610611,7.33,0.594492,10,1062,1062

moderate-1.5to1,150,100,0,inf,100,81,2026-09-03T20:08:43.919Z,79,da-stable,0.518375,4.00,0.515821,0.603427,6.67,0.616352,0.610840,7.33,0.605674,0.610611,7.33,0.594492,14,1062,1062

moderate-1.5to1,150,100,0,inf,100,82,2026-09-03T20:08:44.039Z,65,da-stable,0.518375,4.00,0.515821,0.603427,6.67,0.616352,0.610840,7.33,0.605674,0.610611,7.33,0.594492,8,1062,1062

moderate-1.5to1,150,100,0,inf,100,83,2026-09-03T20:08:44.138Z,64,da-stable,0.518375,4.00,0.515821,0.603427,6.67,0.616352,0.610840,7.33,0.605674,0.610611,7.33,0.594492,9,1062,1062

moderate-1.5to1,150,100,0,inf,100,84,2026-09-03T20:08:44.235Z,68,da-stable,0.518375,4.00,0.515821,0.603427,6.67,0.616352,0.610840,7.33,0.605674,0.610611,7.33,0.594492,8,1062,1062

moderate-1.5to1,150,100,0,inf,100,85,2026-09-03T20:08:44.335Z,81,da-stable,0.518375,4.00,0.515821,0.603427,6.67,0.616352,0.610840,7.33,0.605674,0.610611,7.33,0.594492,14,1062,1062

moderate-1.5to1,150,100,0,inf,100,86,2026-09-03T20:08:44.462Z,73,da-stable,0.518375,4.00,0.515821,0.603427,6.67,0.616352,0.610840,7.33,0.605674,0.610611,7.33,0.594492,8,1062,1062

moderate-1.5to1,150,100,0,inf,100,87,2026-09-03T20:08:44.570Z,66,da-stable,0.518375,4.00,0.515821,0.603427,6.67,0.616352,0.610840,7.33,0.605674,0.610611,7.33,0.594492,8,1062,1062

moderate-1.5to1,150,100,0,inf,100,88,2026-09-03T20:08:44.671Z,68,da-stable,0.518375,4.00,0.515821,0.603427,6.67,0.616352,0.610840,7.33,0.605674,0.610611,7.33,0.594492,10,1062,1062

moderate-1.5to1,150,100,0,inf,100,89,2026-09-03T20:08:44.784Z,65,da-stable,0.518375,4.00,0.515821,0.603427,6.67,0.616352,0.610840,7.33,0.605674,0.610611,7.33,0.594492,8,1062,1062

moderate-1.5to1,150,100,0,inf,100,90,2026-09-03T20:08:44.883Z,94,da-stable,0.518375,4.00,0.515821,0.603427,6.67,0.616352,0.610840,7.33,0.605674,0.610611,7.33,0.594492,9,1062,1062

moderate-1.5to1,150,100,0,inf,100,91,2026-09-03T20:08:45.021Z,68,da-stable,0.518375,4.00,0.515821,0.603427,6.67,0.616352,0.610840,7.33,0.605674,0.610611,7.33,0.594492,8,1062,1062

moderate-1.5to1,150,100,0,inf,100,92,2026-09-03T20:08:45.122Z,66,da-stable,0.518375,4.00,0.515821,0.603427,6.67,0.616352,0.610840,7.33,0.605674,0.610611,7.33,0.594492,9,1062,1062

moderate-1.5to1,150,100,0,inf,100,93,2026-09-03T20:08:45.221Z,67,da-stable,0.518375,4.00,0.515821,0.603427,6.67,0.616352,0.610840,7.33,0.605674,0.610611,7.33,0.594492,9,1062,1062

moderate-1.5to1,150,100,0,inf,100,94,2026-09-03T20:08:45.321Z,67,da-stable,0.518375,4.00,0.515821,0.603427,6.67,0.616352,0.610840,7.33,0.605674,0.610611,7.33,0.594492,16,1062,1062

moderate-1.5to1,150,100,0,inf,100,95,2026-09-03T20:08:45.441Z,80,da-stable,0.518375,4.00,0.515821,0.603427,6.67,0.616352,0.610840,7.33,0.605674,0.610611,7.33,0.594492,10,1062,1062

moderate-1.5to1,150,100,0,inf,100,96,2026-09-03T20:08:45.557Z,70,da-stable,0.518375,4.00,0.515821,0.603427,6.67,0.616352,0.610840,7.33,0.605674,0.610611,7.33,0.594492,9,1062,1062

moderate-1.5to1,150,100,0,inf,100,97,2026-09-03T20:08:45.662Z,65,da-stable,0.518375,4.00,0.515821,0.603427,6.67,0.616352,0.610840,7.33,0.605674,0.610611,7.33,0.594492,11,1062,1062

moderate-1.5to1,150,100,0,inf,100,98,2026-09-03T20:08:45.763Z,65,da-stable,0.518375,4.00,0.515821,0.603427,6.67,0.616352,0.610840,7.33,0.605674,0.610611,7.33,0.594492,9,1062,1062

moderate-1.5to1,150,100,0,inf,100,99,2026-09-03T20:08:45.865Z,89,da-stable,0.518375,4.00,0.515821,0.603427,6.67,0.616352,0.610840,7.33,0.605674,0.610611,7.33,0.594492,12,1062,1062

moderate-1.5to1,150,100,0,inf,100,100,2026-09-03T20:08:46.011Z,73,da-stable,0.518375,4.00,0.515821,0.603427,6.67,0.616352,0.610840,7.33,0.605674,0.610611,7.33,0.594492,8,1062,1062

moderate-2to1,150,75,0.05,inf,100,1,2026-09-03T20:08:46.120Z,46,greedy-engine,0.514844,12.00,0.580800,0.609051,13.33,0.695473,0.619988,12.67,0.699735,0.620784,12.67,0.699735,6,718,718

moderate-2to1,150,75,0.05,inf,100,2,2026-09-03T20:08:46.196Z,49,greedy-engine,0.514844,12.00,0.580800,0.609051,13.33,0.695473,0.619988,12.67,0.699735,0.620784,12.67,0.699735,8,718,718

moderate-2to1,150,75,0.05,inf,100,3,2026-09-03T20:08:46.276Z,46,greedy-engine,0.514844,12.00,0.580800,0.609051,13.33,0.695473,0.619988,12.67,0.699735,0.620784,12.67,0.699735,6,718,718

moderate-2to1,150,75,0.05,inf,100,4,2026-09-03T20:08:46.355Z,50,greedy-engine,0.514844,12.00,0.580800,0.609051,13.33,0.695473,0.619988,12.67,0.699735,0.620784,12.67,0.699735,9,718,718

moderate-2to1,150,75,0.05,inf,100,5,2026-09-03T20:08:46.449Z,61,greedy-engine,0.514844,12.00,0.580800,0.609051,13.33,0.695473,0.619988,12.67,0.699735,0.620784,12.67,0.699735,8,718,718

moderate-2to1,150,75,0.05,inf,100,6,2026-09-03T20:08:46.546Z,48,greedy-engine,0.514844,12.00,0.580800,0.609051,13.33,0.695473,0.619988,12.67,0.699735,0.620784,12.67,0.699735,6,718,718

moderate-2to1,150,75,0.05,inf,100,7,2026-09-03T20:08:46.623Z,50,greedy-engine,0.514844,12.00,0.580800,0.609051,13.33,0.695473,0.619988,12.67,0.699735,0.620784,12.67,0.699735,6,718,718

moderate-2to1,150,75,0.05,inf,100,8,2026-09-03T20:08:46.705Z,46,greedy-engine,0.514844,12.00,0.580800,0.609051,13.33,0.695473,0.619988,12.67,0.699735,0.620784,12.67,0.699735,9,718,718

moderate-2to1,150,75,0.05,inf,100,9,2026-09-03T20:08:46.784Z,50,greedy-engine,0.514844,12.00,0.580800,0.609051,13.33,0.695473,0.619988,12.67,0.699735,0.620784,12.67,0.699735,6,718,718

moderate-2to1,150,75,0.05,inf,100,10,2026-09-03T20:08:46.865Z,51,greedy-engine,0.514844,12.00,0.580800,0.609051,13.33,0.695473,0.619988,12.67,0.699735,0.620784,12.67,0.699735,11,718,718

moderate-2to1,150,75,0.05,inf,100,11,2026-09-03T20:08:46.968Z,72,greedy-engine,0.514844,12.00,0.580800,0.609051,13.33,0.695473,0.619988,12.67,0.699735,0.620784,12.67,0.699735,6,718,718

moderate-2to1,150,75,0.05,inf,100,12,2026-09-03T20:08:47.073Z,46,greedy-engine,0.514844,12.00,0.580800,0.609051,13.33,0.695473,0.619988,12.67,0.699735,0.620784,12.67,0.699735,7,718,718

moderate-2to1,150,75,0.05,inf,100,13,2026-09-03T20:08:47.150Z,48,greedy-engine,0.514844,12.00,0.580800,0.609051,13.33,0.695473,0.619988,12.67,0.699735,0.620784,12.67,0.699735,6,718,718

moderate-2to1,150,75,0.05,inf,100,14,2026-09-03T20:08:47.237Z,48,greedy-engine,0.514844,12.00,0.580800,0.609051,13.33,0.695473,0.619988,12.67,0.699735,0.620784,12.67,0.699735,6,718,718

moderate-2to1,150,75,0.05,inf,100,15,2026-09-03T20:08:47.314Z,48,greedy-engine,0.514844,12.00,0.580800,0.609051,13.33,0.695473,0.619988,12.67,0.699735,0.620784,12.67,0.699735,6,718,718

moderate-2to1,150,75,0.05,inf,100,16,2026-09-03T20:08:47.391Z,60,greedy-engine,0.514844,12.00,0.580800,0.609051,13.33,0.695473,0.619988,12.67,0.699735,0.620784,12.67,0.699735,9,718,718

moderate-2to1,150,75,0.05,inf,100,17,2026-09-03T20:08:47.495Z,66,greedy-engine,0.514844,12.00,0.580800,0.609051,13.33,0.695473,0.619988,12.67,0.699735,0.620784,12.67,0.699735,6,718,718

moderate-2to1,150,75,0.05,inf,100,18,2026-09-03T20:08:47.594Z,52,greedy-engine,0.514844,12.00,0.580800,0.609051,13.33,0.695473,0.619988,12.67,0.699735,0.620784,12.67,0.699735,6,718,718

moderate-2to1,150,75,0.05,inf,100,19,2026-09-03T20:08:47.678Z,49,greedy-engine,0.514844,12.00,0.580800,0.609051,13.33,0.695473,0.619988,12.67,0.699735,0.620784,12.67,0.699735,6,718,718

moderate-2to1,150,75,0.05,inf,100,20,2026-09-03T20:08:47.758Z,52,greedy-engine,0.514844,12.00,0.580800,0.609051,13.33,0.695473,0.619988,12.67,0.699735,0.620784,12.67,0.699735,6,718,718

moderate-2to1,150,75,0.05,inf,100,21,2026-09-03T20:08:47.840Z,46,greedy-engine,0.514844,12.00,0.580800,0.609051,13.33,0.695473,0.619988,12.67,0.699735,0.620784,12.67,0.699735,7,718,718

moderate-2to1,150,75,0.05,inf,100,22,2026-09-03T20:08:47.917Z,62,greedy-engine,0.514844,12.00,0.580800,0.609051,13.33,0.695473,0.619988,12.67,0.699735,0.620784,12.67,0.699735,7,718,718

moderate-2to1,150,75,0.05,inf,100,23,2026-09-03T20:08:48.022Z,57,greedy-engine,0.514844,12.00,0.580800,0.609051,13.33,0.695473,0.619988,12.67,0.699735,0.620784,12.67,0.699735,6,718,718

moderate-2to1,150,75,0.05,inf,100,24,2026-09-03T20:08:48.108Z,47,greedy-engine,0.514844,12.00,0.580800,0.609051,13.33,0.695473,0.619988,12.67,0.699735,0.620784,12.67,0.699735,6,718,718

moderate-2to1,150,75,0.05,inf,100,25,2026-09-03T20:08:48.185Z,48,greedy-engine,0.514844,12.00,0.580800,0.609051,13.33,0.695473,0.619988,12.67,0.699735,0.620784,12.67,0.699735,6,718,718

moderate-2to1,150,75,0.05,inf,100,26,2026-09-03T20:08:48.267Z,46,greedy-engine,0.514844,12.00,0.580800,0.609051,13.33,0.695473,0.619988,12.67,0.699735,0.620784,12.67,0.699735,6,718,718

moderate-2to1,150,75,0.05,inf,100,27,2026-09-03T20:08:48.343Z,49,greedy-engine,0.514844,12.00,0.580800,0.609051,13.33,0.695473,0.619988,12.67,0.699735,0.620784,12.67,0.699735,6,718,718

moderate-2to1,150,75,0.05,inf,100,28,2026-09-03T20:08:48.422Z,62,greedy-engine,0.514844,12.00,0.580800,0.609051,13.33,0.695473,0.619988,12.67,0.699735,0.620784,12.67,0.699735,9,718,718

moderate-2to1,150,75,0.05,inf,100,29,2026-09-03T20:08:48.522Z,53,greedy-engine,0.514844,12.00,0.580800,0.609051,13.33,0.695473,0.619988,12.67,0.699735,0.620784,12.67,0.699735,6,718,718

moderate-2to1,150,75,0.05,inf,100,30,2026-09-03T20:08:48.606Z,50,greedy-engine,0.514844,12.00,0.580800,0.609051,13.33,0.695473,0.619988,12.67,0.699735,0.620784,12.67,0.699735,11,718,718

moderate-2to1,150,75,0.05,inf,100,31,2026-09-03T20:08:48.695Z,50,greedy-engine,0.514844,12.00,0.580800,0.609051,13.33,0.695473,0.619988,12.67,0.699735,0.620784,12.67,0.699735,6,718,718

moderate-2to1,150,75,0.05,inf,100,32,2026-09-03T20:08:48.778Z,52,greedy-engine,0.514844,12.00,0.580800,0.609051,13.33,0.695473,0.619988,12.67,0.699735,0.620784,12.67,0.699735,6,718,718

moderate-2to1,150,75,0.05,inf,100,33,2026-09-03T20:08:48.860Z,46,greedy-engine,0.514844,12.00,0.580800,0.609051,13.33,0.695473,0.619988,12.67,0.699735,0.620784,12.67,0.699735,6,718,718

moderate-2to1,150,75,0.05,inf,100,34,2026-09-03T20:08:48.938Z,60,greedy-engine,0.514844,12.00,0.580800,0.609051,13.33,0.695473,0.619988,12.67,0.699735,0.620784,12.67,0.699735,11,718,718

moderate-2to1,150,75,0.05,inf,100,35,2026-09-03T20:08:49.047Z,55,greedy-engine,0.514844,12.00,0.580800,0.609051,13.33,0.695473,0.619988,12.67,0.699735,0.620784,12.67,0.699735,6,718,718

moderate-2to1,150,75,0.05,inf,100,36,2026-09-03T20:08:49.132Z,48,greedy-engine,0.514844,12.00,0.580800,0.609051,13.33,0.695473,0.619988,12.67,0.699735,0.620784,12.67,0.699735,6,718,718

moderate-2to1,150,75,0.05,inf,100,37,2026-09-03T20:08:49.218Z,52,greedy-engine,0.514844,12.00,0.580800,0.609051,13.33,0.695473,0.619988,12.67,0.699735,0.620784,12.67,0.699735,6,718,718

moderate-2to1,150,75,0.05,inf,100,38,2026-09-03T20:08:49.300Z,45,greedy-engine,0.514844,12.00,0.580800,0.609051,13.33,0.695473,0.619988,12.67,0.699735,0.620784,12.67,0.699735,5,718,718

moderate-2to1,150,75,0.05,inf,100,39,2026-09-03T20:08:49.374Z,49,greedy-engine,0.514844,12.00,0.580800,0.609051,13.33,0.695473,0.619988,12.67,0.699735,0.620784,12.67,0.699735,7,718,718

moderate-2to1,150,75,0.05,inf,100,40,2026-09-03T20:08:49.455Z,65,greedy-engine,0.514844,12.00,0.580800,0.609051,13.33,0.695473,0.619988,12.67,0.699735,0.620784,12.67,0.699735,8,718,718

moderate-2to1,150,75,0.05,inf,100,41,2026-09-03T20:08:49.562Z,54,greedy-engine,0.514844,12.00,0.580800,0.609051,13.33,0.695473,0.619988,12.67,0.699735,0.620784,12.67,0.699735,6,718,718

moderate-2to1,150,75,0.05,inf,100,42,2026-09-03T20:08:49.645Z,49,greedy-engine,0.514844,12.00,0.580800,0.609051,13.33,0.695473,0.619988,12.67,0.699735,0.620784,12.67,0.699735,7,718,718

moderate-2to1,150,75,0.05,inf,100,43,2026-09-03T20:08:49.726Z,48,greedy-engine,0.514844,12.00,0.580800,0.609051,13.33,0.695473,0.619988,12.67,0.699735,0.620784,12.67,0.699735,7,718,718

moderate-2to1,150,75,0.05,inf,100,44,2026-09-03T20:08:49.804Z,49,greedy-engine,0.514844,12.00,0.580800,0.609051,13.33,0.695473,0.619988,12.67,0.699735,0.620784,12.67,0.699735,6,718,718

moderate-2to1,150,75,0.05,inf,100,45,2026-09-03T20:08:49.883Z,49,greedy-engine,0.514844,12.00,0.580800,0.609051,13.33,0.695473,0.619988,12.67,0.699735,0.620784,12.67,0.699735,6,718,718

moderate-2to1,150,75,0.05,inf,100,46,2026-09-03T20:08:49.963Z,68,greedy-engine,0.514844,12.00,0.580800,0.609051,13.33,0.695473,0.619988,12.67,0.699735,0.620784,12.67,0.699735,7,718,718

moderate-2to1,150,75,0.05,inf,100,47,2026-09-03T20:08:50.074Z,56,greedy-engine,0.514844,12.00,0.580800,0.609051,13.33,0.695473,0.619988,12.67,0.699735,0.620784,12.67,0.699735,6,718,718

moderate-2to1,150,75,0.05,inf,100,48,2026-09-03T20:08:50.161Z,48,greedy-engine,0.514844,12.00,0.580800,0.609051,13.33,0.695473,0.619988,12.67,0.699735,0.620784,12.67,0.699735,6,718,718

moderate-2to1,150,75,0.05,inf,100,49,2026-09-03T20:08:50.240Z,47,greedy-engine,0.514844,12.00,0.580800,0.609051,13.33,0.695473,0.619988,12.67,0.699735,0.620784,12.67,0.699735,6,718,718

moderate-2to1,150,75,0.05,inf,100,50,2026-09-03T20:08:50.316Z,48,greedy-engine,0.514844,12.00,0.580800,0.609051,13.33,0.695473,0.619988,12.67,0.699735,0.620784,12.67,0.699735,6,718,718

moderate-2to1,150,75,0.05,inf,100,51,2026-09-03T20:08:50.392Z,46,greedy-engine,0.514844,12.00,0.580800,0.609051,13.33,0.695473,0.619988,12.67,0.699735,0.620784,12.67,0.699735,7,718,718

moderate-2to1,150,75,0.05,inf,100,52,2026-09-03T20:08:50.469Z,59,greedy-engine,0.514844,12.00,0.580800,0.609051,13.33,0.695473,0.619988,12.67,0.699735,0.620784,12.67,0.699735,7,718,718

moderate-2to1,150,75,0.05,inf,100,53,2026-09-03T20:08:50.571Z,53,greedy-engine,0.514844,12.00,0.580800,0.609051,13.33,0.695473,0.619988,12.67,0.699735,0.620784,12.67,0.699735,6,718,718

moderate-2to1,150,75,0.05,inf,100,54,2026-09-03T20:08:50.655Z,46,greedy-engine,0.514844,12.00,0.580800,0.609051,13.33,0.695473,0.619988,12.67,0.699735,0.620784,12.67,0.699735,11,718,718

moderate-2to1,150,75,0.05,inf,100,55,2026-09-03T20:08:50.737Z,47,greedy-engine,0.514844,12.00,0.580800,0.609051,13.33,0.695473,0.619988,12.67,0.699735,0.620784,12.67,0.699735,6,718,718

moderate-2to1,150,75,0.05,inf,100,56,2026-09-03T20:08:50.813Z,56,greedy-engine,0.514844,12.00,0.580800,0.609051,13.33,0.695473,0.619988,12.67,0.699735,0.620784,12.67,0.699735,6,718,718

moderate-2to1,150,75,0.05,inf,100,57,2026-09-03T20:08:50.900Z,45,greedy-engine,0.514844,12.00,0.580800,0.609051,13.33,0.695473,0.619988,12.67,0.699735,0.620784,12.67,0.699735,6,718,718

moderate-2to1,150,75,0.05,inf,100,58,2026-09-03T20:08:50.976Z,59,greedy-engine,0.514844,12.00,0.580800,0.609051,13.33,0.695473,0.619988,12.67,0.699735,0.620784,12.67,0.699735,9,718,718

moderate-2to1,150,75,0.05,inf,100,59,2026-09-03T20:08:51.078Z,59,greedy-engine,0.514844,12.00,0.580800,0.609051,13.33,0.695473,0.619988,12.67,0.699735,0.620784,12.67,0.699735,7,718,718

moderate-2to1,150,75,0.05,inf,100,60,2026-09-03T20:08:51.169Z,48,greedy-engine,0.514844,12.00,0.580800,0.609051,13.33,0.695473,0.619988,12.67,0.699735,0.620784,12.67,0.699735,6,718,718

moderate-2to1,150,75,0.05,inf,100,61,2026-09-03T20:08:51.249Z,49,greedy-engine,0.514844,12.00,0.580800,0.609051,13.33,0.695473,0.619988,12.67,0.699735,0.620784,12.67,0.699735,6,718,718

moderate-2to1,150,75,0.05,inf,100,62,2026-09-03T20:08:51.331Z,45,greedy-engine,0.514844,12.00,0.580800,0.609051,13.33,0.695473,0.619988,12.67,0.699735,0.620784,12.67,0.699735,6,718,718

moderate-2to1,150,75,0.05,inf,100,63,2026-09-03T20:08:51.407Z,46,greedy-engine,0.514844,12.00,0.580800,0.609051,13.33,0.695473,0.619988,12.67,0.699735,0.620784,12.67,0.699735,6,718,718

moderate-2to1,150,75,0.05,inf,100,64,2026-09-03T20:08:51.485Z,48,greedy-engine,0.514844,12.00,0.580800,0.609051,13.33,0.695473,0.619988,12.67,0.699735,0.620784,12.67,0.699735,9,718,718

moderate-2to1,150,75,0.05,inf,100,65,2026-09-03T20:08:51.580Z,62,greedy-engine,0.514844,12.00,0.580800,0.609051,13.33,0.695473,0.619988,12.67,0.699735,0.620784,12.67,0.699735,6,718,718

moderate-2to1,150,75,0.05,inf,100,66,2026-09-03T20:08:51.674Z,49,greedy-engine,0.514844,12.00,0.580800,0.609051,13.33,0.695473,0.619988,12.67,0.699735,0.620784,12.67,0.699735,7,718,718

moderate-2to1,150,75,0.05,inf,100,67,2026-09-03T20:08:51.756Z,46,greedy-engine,0.514844,12.00,0.580800,0.609051,13.33,0.695473,0.619988,12.67,0.699735,0.620784,12.67,0.699735,6,718,718

moderate-2to1,150,75,0.05,inf,100,68,2026-09-03T20:08:51.835Z,48,greedy-engine,0.514844,12.00,0.580800,0.609051,13.33,0.695473,0.619988,12.67,0.699735,0.620784,12.67,0.699735,5,718,718

moderate-2to1,150,75,0.05,inf,100,69,2026-09-03T20:08:51.913Z,51,greedy-engine,0.514844,12.00,0.580800,0.609051,13.33,0.695473,0.619988,12.67,0.699735,0.620784,12.67,0.699735,6,718,718

moderate-2to1,150,75,0.05,inf,100,70,2026-09-03T20:08:52.014Z,78,greedy-engine,0.514844,12.00,0.580800,0.609051,13.33,0.695473,0.619988,12.67,0.699735,0.620784,12.67,0.699735,9,718,718

moderate-2to1,150,75,0.05,inf,100,71,2026-09-03T20:08:52.131Z,95,greedy-engine,0.514844,12.00,0.580800,0.609051,13.33,0.695473,0.619988,12.67,0.699735,0.620784,12.67,0.699735,12,718,718

moderate-2to1,150,75,0.05,inf,100,72,2026-09-03T20:08:52.276Z,49,greedy-engine,0.514844,12.00,0.580800,0.609051,13.33,0.695473,0.619988,12.67,0.699735,0.620784,12.67,0.699735,5,718,718

moderate-2to1,150,75,0.05,inf,100,73,2026-09-03T20:08:52.371Z,56,greedy-engine,0.514844,12.00,0.580800,0.609051,13.33,0.695473,0.619988,12.67,0.699735,0.620784,12.67,0.699735,9,718,718

moderate-2to1,150,75,0.05,inf,100,74,2026-09-03T20:08:52.460Z,65,greedy-engine,0.514844,12.00,0.580800,0.609051,13.33,0.695473,0.619988,12.67,0.699735,0.620784,12.67,0.699735,6,718,718

moderate-2to1,150,75,0.05,inf,100,75,2026-09-03T20:08:52.580Z,87,greedy-engine,0.514844,12.00,0.580800,0.609051,13.33,0.695473,0.619988,12.67,0.699735,0.620784,12.67,0.699735,15,718,718

moderate-2to1,150,75,0.05,inf,100,76,2026-09-03T20:08:52.726Z,50,greedy-engine,0.514844,12.00,0.580800,0.609051,13.33,0.695473,0.619988,12.67,0.699735,0.620784,12.67,0.699735,6,718,718

moderate-2to1,150,75,0.05,inf,100,77,2026-09-03T20:08:52.807Z,49,greedy-engine,0.514844,12.00,0.580800,0.609051,13.33,0.695473,0.619988,12.67,0.699735,0.620784,12.67,0.699735,9,718,718

moderate-2to1,150,75,0.05,inf,100,78,2026-09-03T20:08:52.892Z,47,greedy-engine,0.514844,12.00,0.580800,0.609051,13.33,0.695473,0.619988,12.67,0.699735,0.620784,12.67,0.699735,7,718,718

moderate-2to1,150,75,0.05,inf,100,79,2026-09-03T20:08:52.971Z,57,greedy-engine,0.514844,12.00,0.580800,0.609051,13.33,0.695473,0.619988,12.67,0.699735,0.620784,12.67,0.699735,7,718,718

moderate-2to1,150,75,0.05,inf,100,80,2026-09-03T20:08:53.059Z,64,greedy-engine,0.514844,12.00,0.580800,0.609051,13.33,0.695473,0.619988,12.67,0.699735,0.620784,12.67,0.699735,7,718,718

moderate-2to1,150,75,0.05,inf,100,81,2026-09-03T20:08:53.158Z,48,greedy-engine,0.514844,12.00,0.580800,0.609051,13.33,0.695473,0.619988,12.67,0.699735,0.620784,12.67,0.699735,6,718,718

moderate-2to1,150,75,0.05,inf,100,82,2026-09-03T20:08:53.238Z,51,greedy-engine,0.514844,12.00,0.580800,0.609051,13.33,0.695473,0.619988,12.67,0.699735,0.620784,12.67,0.699735,6,718,718

moderate-2to1,150,75,0.05,inf,100,83,2026-09-03T20:08:53.320Z,49,greedy-engine,0.514844,12.00,0.580800,0.609051,13.33,0.695473,0.619988,12.67,0.699735,0.620784,12.67,0.699735,6,718,718

moderate-2to1,150,75,0.05,inf,100,84,2026-09-03T20:08:53.398Z,52,greedy-engine,0.514844,12.00,0.580800,0.609051,13.33,0.695473,0.619988,12.67,0.699735,0.620784,12.67,0.699735,6,718,718

moderate-2to1,150,75,0.05,inf,100,85,2026-09-03T20:08:53.483Z,49,greedy-engine,0.514844,12.00,0.580800,0.609051,13.33,0.695473,0.619988,12.67,0.699735,0.620784,12.67,0.699735,7,718,718

moderate-2to1,150,75,0.05,inf,100,86,2026-09-03T20:08:53.574Z,62,greedy-engine,0.514844,12.00,0.580800,0.609051,13.33,0.695473,0.619988,12.67,0.699735,0.620784,12.67,0.699735,7,718,718

moderate-2to1,150,75,0.05,inf,100,87,2026-09-03T20:08:53.671Z,51,greedy-engine,0.514844,12.00,0.580800,0.609051,13.33,0.695473,0.619988,12.67,0.699735,0.620784,12.67,0.699735,6,718,718

moderate-2to1,150,75,0.05,inf,100,88,2026-09-03T20:08:53.754Z,50,greedy-engine,0.514844,12.00,0.580800,0.609051,13.33,0.695473,0.619988,12.67,0.699735,0.620784,12.67,0.699735,6,718,718

moderate-2to1,150,75,0.05,inf,100,89,2026-09-03T20:08:53.837Z,48,greedy-engine,0.514844,12.00,0.580800,0.609051,13.33,0.695473,0.619988,12.67,0.699735,0.620784,12.67,0.699735,7,718,718

moderate-2to1,150,75,0.05,inf,100,90,2026-09-03T20:08:53.917Z,48,greedy-engine,0.514844,12.00,0.580800,0.609051,13.33,0.695473,0.619988,12.67,0.699735,0.620784,12.67,0.699735,6,718,718

moderate-2to1,150,75,0.05,inf,100,91,2026-09-03T20:08:53.998Z,56,greedy-engine,0.514844,12.00,0.580800,0.609051,13.33,0.695473,0.619988,12.67,0.699735,0.620784,12.67,0.699735,7,718,718

moderate-2to1,150,75,0.05,inf,100,92,2026-09-03T20:08:54.095Z,57,greedy-engine,0.514844,12.00,0.580800,0.609051,13.33,0.695473,0.619988,12.67,0.699735,0.620784,12.67,0.699735,8,718,718

moderate-2to1,150,75,0.05,inf,100,93,2026-09-03T20:08:54.189Z,46,greedy-engine,0.514844,12.00,0.580800,0.609051,13.33,0.695473,0.619988,12.67,0.699735,0.620784,12.67,0.699735,6,718,718

moderate-2to1,150,75,0.05,inf,100,94,2026-09-03T20:08:54.266Z,52,greedy-engine,0.514844,12.00,0.580800,0.609051,13.33,0.695473,0.619988,12.67,0.699735,0.620784,12.67,0.699735,6,718,718

moderate-2to1,150,75,0.05,inf,100,95,2026-09-03T20:08:54.349Z,46,greedy-engine,0.514844,12.00,0.580800,0.609051,13.33,0.695473,0.619988,12.67,0.699735,0.620784,12.67,0.699735,6,718,718

moderate-2to1,150,75,0.05,inf,100,96,2026-09-03T20:08:54.425Z,47,greedy-engine,0.514844,12.00,0.580800,0.609051,13.33,0.695473,0.619988,12.67,0.699735,0.620784,12.67,0.699735,6,718,718

moderate-2to1,150,75,0.05,inf,100,97,2026-09-03T20:08:54.510Z,47,greedy-engine,0.514844,12.00,0.580800,0.609051,13.33,0.695473,0.619988,12.67,0.699735,0.620784,12.67,0.699735,6,718,718

moderate-2to1,150,75,0.05,inf,100,98,2026-09-03T20:08:54.588Z,70,greedy-engine,0.514844,12.00,0.580800,0.609051,13.33,0.695473,0.619988,12.67,0.699735,0.620784,12.67,0.699735,9,718,718

moderate-2to1,150,75,0.05,inf,100,99,2026-09-03T20:08:54.694Z,47,greedy-engine,0.514844,12.00,0.580800,0.609051,13.33,0.695473,0.619988,12.67,0.699735,0.620784,12.67,0.699735,7,718,718

moderate-2to1,150,75,0.05,inf,100,100,2026-09-03T20:08:54.773Z,52,greedy-engine,0.514844,12.00,0.580800,0.609051,13.33,0.695473,0.619988,12.67,0.699735,0.620784,12.67,0.699735,6,718,718

moderate-2to1,150,75,0,inf,100,1,2026-09-03T20:08:54.856Z,50,greedy-engine,0.506597,12.00,0.580800,0.601063,13.33,0.682828,0.613732,12.67,0.699735,0.613732,12.67,0.699735,6,718,718

moderate-2to1,150,75,0,inf,100,2,2026-09-03T20:08:54.937Z,50,greedy-engine,0.506597,12.00,0.580800,0.601063,13.33,0.682828,0.613732,12.67,0.699735,0.613732,12.67,0.699735,6,718,718

moderate-2to1,150,75,0,inf,100,3,2026-09-03T20:08:55.025Z,46,greedy-engine,0.506597,12.00,0.580800,0.601063,13.33,0.682828,0.613732,12.67,0.699735,0.613732,12.67,0.699735,9,718,718

moderate-2to1,150,75,0,inf,100,4,2026-09-03T20:08:55.114Z,69,greedy-engine,0.506597,12.00,0.580800,0.601063,13.33,0.682828,0.613732,12.67,0.699735,0.613732,12.67,0.699735,7,718,718

moderate-2to1,150,75,0,inf,100,5,2026-09-03T20:08:55.216Z,47,greedy-engine,0.506597,12.00,0.580800,0.601063,13.33,0.682828,0.613732,12.67,0.699735,0.613732,12.67,0.699735,6,718,718

moderate-2to1,150,75,0,inf,100,6,2026-09-03T20:08:55.300Z,49,greedy-engine,0.506597,12.00,0.580800,0.601063,13.33,0.682828,0.613732,12.67,0.699735,0.613732,12.67,0.699735,6,718,718

moderate-2to1,150,75,0,inf,100,7,2026-09-03T20:08:55.380Z,50,greedy-engine,0.506597,12.00,0.580800,0.601063,13.33,0.682828,0.613732,12.67,0.699735,0.613732,12.67,0.699735,6,718,718

moderate-2to1,150,75,0,inf,100,8,2026-09-03T20:08:55.460Z,48,greedy-engine,0.506597,12.00,0.580800,0.601063,13.33,0.682828,0.613732,12.67,0.699735,0.613732,12.67,0.699735,7,718,718

moderate-2to1,150,75,0,inf,100,9,2026-09-03T20:08:55.539Z,49,greedy-engine,0.506597,12.00,0.580800,0.601063,13.33,0.682828,0.613732,12.67,0.699735,0.613732,12.67,0.699735,8,718,718

moderate-2to1,150,75,0,inf,100,10,2026-09-03T20:08:55.632Z,67,greedy-engine,0.506597,12.00,0.580800,0.601063,13.33,0.682828,0.613732,12.67,0.699735,0.613732,12.67,0.699735,7,718,718

moderate-2to1,150,75,0,inf,100,11,2026-09-03T20:08:55.731Z,46,greedy-engine,0.506597,12.00,0.580800,0.601063,13.33,0.682828,0.613732,12.67,0.699735,0.613732,12.67,0.699735,8,718,718

moderate-2to1,150,75,0,inf,100,12,2026-09-03T20:08:55.809Z,48,greedy-engine,0.506597,12.00,0.580800,0.601063,13.33,0.682828,0.613732,12.67,0.699735,0.613732,12.67,0.699735,6,718,718

moderate-2to1,150,75,0,inf,100,13,2026-09-03T20:08:55.887Z,48,greedy-engine,0.506597,12.00,0.580800,0.601063,13.33,0.682828,0.613732,12.67,0.699735,0.613732,12.67,0.699735,7,718,718

moderate-2to1,150,75,0,inf,100,14,2026-09-03T20:08:55.968Z,53,greedy-engine,0.506597,12.00,0.580800,0.601063,13.33,0.682828,0.613732,12.67,0.699735,0.613732,12.67,0.699735,6,718,718

moderate-2to1,150,75,0,inf,100,15,2026-09-03T20:08:56.051Z,48,greedy-engine,0.506597,12.00,0.580800,0.601063,13.33,0.682828,0.613732,12.67,0.699735,0.613732,12.67,0.699735,6,718,718

moderate-2to1,150,75,0,inf,100,16,2026-09-03T20:08:56.140Z,64,greedy-engine,0.506597,12.00,0.580800,0.601063,13.33,0.682828,0.613732,12.67,0.699735,0.613732,12.67,0.699735,6,718,718

moderate-2to1,150,75,0,inf,100,17,2026-09-03T20:08:56.241Z,49,greedy-engine,0.506597,12.00,0.580800,0.601063,13.33,0.682828,0.613732,12.67,0.699735,0.613732,12.67,0.699735,6,718,718

moderate-2to1,150,75,0,inf,100,18,2026-09-03T20:08:56.321Z,49,greedy-engine,0.506597,12.00,0.580800,0.601063,13.33,0.682828,0.613732,12.67,0.699735,0.613732,12.67,0.699735,6,718,718

moderate-2to1,150,75,0,inf,100,19,2026-09-03T20:08:56.401Z,48,greedy-engine,0.506597,12.00,0.580800,0.601063,13.33,0.682828,0.613732,12.67,0.699735,0.613732,12.67,0.699735,6,718,718

moderate-2to1,150,75,0,inf,100,20,2026-09-03T20:08:56.479Z,48,greedy-engine,0.506597,12.00,0.580800,0.601063,13.33,0.682828,0.613732,12.67,0.699735,0.613732,12.67,0.699735,6,718,718

moderate-2to1,150,75,0,inf,100,21,2026-09-03T20:08:56.558Z,48,greedy-engine,0.506597,12.00,0.580800,0.601063,13.33,0.682828,0.613732,12.67,0.699735,0.613732,12.67,0.699735,5,718,718

moderate-2to1,150,75,0,inf,100,22,2026-09-03T20:08:56.644Z,63,greedy-engine,0.506597,12.00,0.580800,0.601063,13.33,0.682828,0.613732,12.67,0.699735,0.613732,12.67,0.699735,9,718,718

moderate-2to1,150,75,0,inf,100,23,2026-09-03T20:08:56.740Z,48,greedy-engine,0.506597,12.00,0.580800,0.601063,13.33,0.682828,0.613732,12.67,0.699735,0.613732,12.67,0.699735,6,718,718

moderate-2to1,150,75,0,inf,100,24,2026-09-03T20:08:56.821Z,49,greedy-engine,0.506597,12.00,0.580800,0.601063,13.33,0.682828,0.613732,12.67,0.699735,0.613732,12.67,0.699735,6,718,718

moderate-2to1,150,75,0,inf,100,25,2026-09-03T20:08:56.901Z,48,greedy-engine,0.506597,12.00,0.580800,0.601063,13.33,0.682828,0.613732,12.67,0.699735,0.613732,12.67,0.699735,6,718,718

moderate-2to1,150,75,0,inf,100,26,2026-09-03T20:08:56.979Z,48,greedy-engine,0.506597,12.00,0.580800,0.601063,13.33,0.682828,0.613732,12.67,0.699735,0.613732,12.67,0.699735,6,718,718

moderate-2to1,150,75,0,inf,100,27,2026-09-03T20:08:57.056Z,48,greedy-engine,0.506597,12.00,0.580800,0.601063,13.33,0.682828,0.613732,12.67,0.699735,0.613732,12.67,0.699735,6,718,718

moderate-2to1,150,75,0,inf,100,28,2026-09-03T20:08:57.138Z,63,greedy-engine,0.506597,12.00,0.580800,0.601063,13.33,0.682828,0.613732,12.67,0.699735,0.613732,12.67,0.699735,6,718,718

moderate-2to1,150,75,0,inf,100,29,2026-09-03T20:08:57.238Z,51,greedy-engine,0.506597,12.00,0.580800,0.601063,13.33,0.682828,0.613732,12.67,0.699735,0.613732,12.67,0.699735,6,718,718

moderate-2to1,150,75,0,inf,100,30,2026-09-03T20:08:57.319Z,46,greedy-engine,0.506597,12.00,0.580800,0.601063,13.33,0.682828,0.613732,12.67,0.699735,0.613732,12.67,0.699735,6,718,718

moderate-2to1,150,75,0,inf,100,31,2026-09-03T20:08:57.395Z,46,greedy-engine,0.506597,12.00,0.580800,0.601063,13.33,0.682828,0.613732,12.67,0.699735,0.613732,12.67,0.699735,5,718,718

moderate-2to1,150,75,0,inf,100,32,2026-09-03T20:08:57.472Z,46,greedy-engine,0.506597,12.00,0.580800,0.601063,13.33,0.682828,0.613732,12.67,0.699735,0.613732,12.67,0.699735,6,718,718

moderate-2to1,150,75,0,inf,100,33,2026-09-03T20:08:57.547Z,45,greedy-engine,0.506597,12.00,0.580800,0.601063,13.33,0.682828,0.613732,12.67,0.699735,0.613732,12.67,0.699735,6,718,718

moderate-2to1,150,75,0,inf,100,34,2026-09-03T20:08:57.623Z,57,greedy-engine,0.506597,12.00,0.580800,0.601063,13.33,0.682828,0.613732,12.67,0.699735,0.613732,12.67,0.699735,9,718,718

moderate-2to1,150,75,0,inf,100,35,2026-09-03T20:08:57.724Z,54,greedy-engine,0.506597,12.00,0.580800,0.601063,13.33,0.682828,0.613732,12.67,0.699735,0.613732,12.67,0.699735,6,718,718

moderate-2to1,150,75,0,inf,100,36,2026-09-03T20:08:57.808Z,51,greedy-engine,0.506597,12.00,0.580800,0.601063,13.33,0.682828,0.613732,12.67,0.699735,0.613732,12.67,0.699735,6,718,718

moderate-2to1,150,75,0,inf,100,37,2026-09-03T20:08:57.889Z,46,greedy-engine,0.506597,12.00,0.580800,0.601063,13.33,0.682828,0.613732,12.67,0.699735,0.613732,12.67,0.699735,9,718,718

moderate-2to1,150,75,0,inf,100,38,2026-09-03T20:08:57.971Z,56,greedy-engine,0.506597,12.00,0.580800,0.601063,13.33,0.682828,0.613732,12.67,0.699735,0.613732,12.67,0.699735,6,718,718

moderate-2to1,150,75,0,inf,100,39,2026-09-03T20:08:58.058Z,48,greedy-engine,0.506597,12.00,0.580800,0.601063,13.33,0.682828,0.613732,12.67,0.699735,0.613732,12.67,0.699735,6,718,718

moderate-2to1,150,75,0,inf,100,40,2026-09-03T20:08:58.137Z,57,greedy-engine,0.506597,12.00,0.580800,0.601063,13.33,0.682828,0.613732,12.67,0.699735,0.613732,12.67,0.699735,9,718,718

moderate-2to1,150,75,0,inf,100,41,2026-09-03T20:08:58.232Z,56,greedy-engine,0.506597,12.00,0.580800,0.601063,13.33,0.682828,0.613732,12.67,0.699735,0.613732,12.67,0.699735,6,718,718

moderate-2to1,150,75,0,inf,100,42,2026-09-03T20:08:58.317Z,51,greedy-engine,0.506597,12.00,0.580800,0.601063,13.33,0.682828,0.613732,12.67,0.699735,0.613732,12.67,0.699735,6,718,718

moderate-2to1,150,75,0,inf,100,43,2026-09-03T20:08:58.397Z,46,greedy-engine,0.506597,12.00,0.580800,0.601063,13.33,0.682828,0.613732,12.67,0.699735,0.613732,12.67,0.699735,6,718,718

moderate-2to1,150,75,0,inf,100,44,2026-09-03T20:08:58.473Z,48,greedy-engine,0.506597,12.00,0.580800,0.601063,13.33,0.682828,0.613732,12.67,0.699735,0.613732,12.67,0.699735,8,718,718

moderate-2to1,150,75,0,inf,100,45,2026-09-03T20:08:58.556Z,49,greedy-engine,0.506597,12.00,0.580800,0.601063,13.33,0.682828,0.613732,12.67,0.699735,0.613732,12.67,0.699735,6,718,718

moderate-2to1,150,75,0,inf,100,46,2026-09-03T20:08:58.636Z,53,greedy-engine,0.506597,12.00,0.580800,0.601063,13.33,0.682828,0.613732,12.67,0.699735,0.613732,12.67,0.699735,9,718,718

moderate-2to1,150,75,0,inf,100,47,2026-09-03T20:08:58.731Z,57,greedy-engine,0.506597,12.00,0.580800,0.601063,13.33,0.682828,0.613732,12.67,0.699735,0.613732,12.67,0.699735,6,718,718

moderate-2to1,150,75,0,inf,100,48,2026-09-03T20:08:58.818Z,49,greedy-engine,0.506597,12.00,0.580800,0.601063,13.33,0.682828,0.613732,12.67,0.699735,0.613732,12.67,0.699735,6,718,718

moderate-2to1,150,75,0,inf,100,49,2026-09-03T20:08:58.897Z,45,greedy-engine,0.506597,12.00,0.580800,0.601063,13.33,0.682828,0.613732,12.67,0.699735,0.613732,12.67,0.699735,6,718,718

moderate-2to1,150,75,0,inf,100,50,2026-09-03T20:08:58.977Z,57,greedy-engine,0.506597,12.00,0.580800,0.601063,13.33,0.682828,0.613732,12.67,0.699735,0.613732,12.67,0.699735,5,718,718

moderate-2to1,150,75,0,inf,100,51,2026-09-03T20:08:59.063Z,45,greedy-engine,0.506597,12.00,0.580800,0.601063,13.33,0.682828,0.613732,12.67,0.699735,0.613732,12.67,0.699735,6,718,718

moderate-2to1,150,75,0,inf,100,52,2026-09-03T20:08:59.137Z,58,greedy-engine,0.506597,12.00,0.580800,0.601063,13.33,0.682828,0.613732,12.67,0.699735,0.613732,12.67,0.699735,11,718,718

moderate-2to1,150,75,0,inf,100,53,2026-09-03T20:08:59.236Z,56,greedy-engine,0.506597,12.00,0.580800,0.601063,13.33,0.682828,0.613732,12.67,0.699735,0.613732,12.67,0.699735,6,718,718

moderate-2to1,150,75,0,inf,100,54,2026-09-03T20:08:59.324Z,52,greedy-engine,0.506597,12.00,0.580800,0.601063,13.33,0.682828,0.613732,12.67,0.699735,0.613732,12.67,0.699735,6,718,718

moderate-2to1,150,75,0,inf,100,55,2026-09-03T20:08:59.407Z,48,greedy-engine,0.506597,12.00,0.580800,0.601063,13.33,0.682828,0.613732,12.67,0.699735,0.613732,12.67,0.699735,6,718,718

moderate-2to1,150,75,0,inf,100,56,2026-09-03T20:08:59.487Z,49,greedy-engine,0.506597,12.00,0.580800,0.601063,13.33,0.682828,0.613732,12.67,0.699735,0.613732,12.67,0.699735,5,718,718

moderate-2to1,150,75,0,inf,100,57,2026-09-03T20:08:59.564Z,47,greedy-engine,0.506597,12.00,0.580800,0.601063,13.33,0.682828,0.613732,12.67,0.699735,0.613732,12.67,0.699735,6,718,718

moderate-2to1,150,75,0,inf,100,58,2026-09-03T20:08:59.642Z,48,greedy-engine,0.506597,12.00,0.580800,0.601063,13.33,0.682828,0.613732,12.67,0.699735,0.613732,12.67,0.699735,9,718,718

moderate-2to1,150,75,0,inf,100,59,2026-09-03T20:08:59.731Z,59,greedy-engine,0.506597,12.00,0.580800,0.601063,13.33,0.682828,0.613732,12.67,0.699735,0.613732,12.67,0.699735,6,718,718

moderate-2to1,150,75,0,inf,100,60,2026-09-03T20:08:59.822Z,51,greedy-engine,0.506597,12.00,0.580800,0.601063,13.33,0.682828,0.613732,12.67,0.699735,0.613732,12.67,0.699735,6,718,718

moderate-2to1,150,75,0,inf,100,61,2026-09-03T20:08:59.905Z,47,greedy-engine,0.506597,12.00,0.580800,0.601063,13.33,0.682828,0.613732,12.67,0.699735,0.613732,12.67,0.699735,8,718,718

moderate-2to1,150,75,0,inf,100,62,2026-09-03T20:08:59.986Z,57,greedy-engine,0.506597,12.00,0.580800,0.601063,13.33,0.682828,0.613732,12.67,0.699735,0.613732,12.67,0.699735,6,718,718

moderate-2to1,150,75,0,inf,100,63,2026-09-03T20:09:00.076Z,46,greedy-engine,0.506597,12.00,0.580800,0.601063,13.33,0.682828,0.613732,12.67,0.699735,0.613732,12.67,0.699735,7,718,718

moderate-2to1,150,75,0,inf,100,64,2026-09-03T20:09:00.151Z,48,greedy-engine,0.506597,12.00,0.580800,0.601063,13.33,0.682828,0.613732,12.67,0.699735,0.613732,12.67,0.699735,8,718,718

moderate-2to1,150,75,0,inf,100,65,2026-09-03T20:09:00.239Z,57,greedy-engine,0.506597,12.00,0.580800,0.601063,13.33,0.682828,0.613732,12.67,0.699735,0.613732,12.67,0.699735,6,718,718

moderate-2to1,150,75,0,inf,100,66,2026-09-03T20:09:00.330Z,49,greedy-engine,0.506597,12.00,0.580800,0.601063,13.33,0.682828,0.613732,12.67,0.699735,0.613732,12.67,0.699735,6,718,718

moderate-2to1,150,75,0,inf,100,67,2026-09-03T20:09:00.412Z,47,greedy-engine,0.506597,12.00,0.580800,0.601063,13.33,0.682828,0.613732,12.67,0.699735,0.613732,12.67,0.699735,6,718,718

moderate-2to1,150,75,0,inf,100,68,2026-09-03T20:09:00.490Z,52,greedy-engine,0.506597,12.00,0.580800,0.601063,13.33,0.682828,0.613732,12.67,0.699735,0.613732,12.67,0.699735,6,718,718

moderate-2to1,150,75,0,inf,100,69,2026-09-03T20:09:00.572Z,49,greedy-engine,0.506597,12.00,0.580800,0.601063,13.33,0.682828,0.613732,12.67,0.699735,0.613732,12.67,0.699735,6,718,718

moderate-2to1,150,75,0,inf,100,70,2026-09-03T20:09:00.651Z,46,greedy-engine,0.506597,12.00,0.580800,0.601063,13.33,0.682828,0.613732,12.67,0.699735,0.613732,12.67,0.699735,7,718,718

moderate-2to1,150,75,0,inf,100,71,2026-09-03T20:09:00.740Z,57,greedy-engine,0.506597,12.00,0.580800,0.601063,13.33,0.682828,0.613732,12.67,0.699735,0.613732,12.67,0.699735,5,718,718

moderate-2to1,150,75,0,inf,100,72,2026-09-03T20:09:00.831Z,48,greedy-engine,0.506597,12.00,0.580800,0.601063,13.33,0.682828,0.613732,12.67,0.699735,0.613732,12.67,0.699735,6,718,718

moderate-2to1,150,75,0,inf,100,73,2026-09-03T20:09:00.917Z,48,greedy-engine,0.506597,12.00,0.580800,0.601063,13.33,0.682828,0.613732,12.67,0.699735,0.613732,12.67,0.699735,7,718,718

moderate-2to1,150,75,0,inf,100,74,2026-09-03T20:09:00.997Z,53,greedy-engine,0.506597,12.00,0.580800,0.601063,13.33,0.682828,0.613732,12.67,0.699735,0.613732,12.67,0.699735,6,718,718

moderate-2to1,150,75,0,inf,100,75,2026-09-03T20:09:01.080Z,48,greedy-engine,0.506597,12.00,0.580800,0.601063,13.33,0.682828,0.613732,12.67,0.699735,0.613732,12.67,0.699735,6,718,718

moderate-2to1,150,75,0,inf,100,76,2026-09-03T20:09:01.158Z,52,greedy-engine,0.506597,12.00,0.580800,0.601063,13.33,0.682828,0.613732,12.67,0.699735,0.613732,12.67,0.699735,7,718,718

moderate-2to1,150,75,0,inf,100,77,2026-09-03T20:09:01.252Z,56,greedy-engine,0.506597,12.00,0.580800,0.601063,13.33,0.682828,0.613732,12.67,0.699735,0.613732,12.67,0.699735,8,718,718

moderate-2to1,150,75,0,inf,100,78,2026-09-03T20:09:01.345Z,51,greedy-engine,0.506597,12.00,0.580800,0.601063,13.33,0.682828,0.613732,12.67,0.699735,0.613732,12.67,0.699735,7,718,718

moderate-2to1,150,75,0,inf,100,79,2026-09-03T20:09:01.430Z,48,greedy-engine,0.506597,12.00,0.580800,0.601063,13.33,0.682828,0.613732,12.67,0.699735,0.613732,12.67,0.699735,6,718,718

moderate-2to1,150,75,0,inf,100,80,2026-09-03T20:09:01.509Z,47,greedy-engine,0.506597,12.00,0.580800,0.601063,13.33,0.682828,0.613732,12.67,0.699735,0.613732,12.67,0.699735,6,718,718

moderate-2to1,150,75,0,inf,100,81,2026-09-03T20:09:01.587Z,48,greedy-engine,0.506597,12.00,0.580800,0.601063,13.33,0.682828,0.613732,12.67,0.699735,0.613732,12.67,0.699735,6,718,718

moderate-2to1,150,75,0,inf,100,82,2026-09-03T20:09:01.666Z,50,greedy-engine,0.506597,12.00,0.580800,0.601063,13.33,0.682828,0.613732,12.67,0.699735,0.613732,12.67,0.699735,8,718,718

moderate-2to1,150,75,0,inf,100,83,2026-09-03T20:09:01.759Z,59,greedy-engine,0.506597,12.00,0.580800,0.601063,13.33,0.682828,0.613732,12.67,0.699735,0.613732,12.67,0.699735,6,718,718

moderate-2to1,150,75,0,inf,100,84,2026-09-03T20:09:01.851Z,54,greedy-engine,0.506597,12.00,0.580800,0.601063,13.33,0.682828,0.613732,12.67,0.699735,0.613732,12.67,0.699735,7,718,718

moderate-2to1,150,75,0,inf,100,85,2026-09-03T20:09:01.939Z,47,greedy-engine,0.506597,12.00,0.580800,0.601063,13.33,0.682828,0.613732,12.67,0.699735,0.613732,12.67,0.699735,6,718,718

moderate-2to1,150,75,0,inf,100,86,2026-09-03T20:09:02.026Z,51,greedy-engine,0.506597,12.00,0.580800,0.601063,13.33,0.682828,0.613732,12.67,0.699735,0.613732,12.67,0.699735,5,718,718

moderate-2to1,150,75,0,inf,100,87,2026-09-03T20:09:02.107Z,45,greedy-engine,0.506597,12.00,0.580800,0.601063,13.33,0.682828,0.613732,12.67,0.699735,0.613732,12.67,0.699735,7,718,718

moderate-2to1,150,75,0,inf,100,88,2026-09-03T20:09:02.182Z,46,greedy-engine,0.506597,12.00,0.580800,0.601063,13.33,0.682828,0.613732,12.67,0.699735,0.613732,12.67,0.699735,8,718,718

moderate-2to1,150,75,0,inf,100,89,2026-09-03T20:09:02.272Z,57,greedy-engine,0.506597,12.00,0.580800,0.601063,13.33,0.682828,0.613732,12.67,0.699735,0.613732,12.67,0.699735,6,718,718

moderate-2to1,150,75,0,inf,100,90,2026-09-03T20:09:02.361Z,46,greedy-engine,0.506597,12.00,0.580800,0.601063,13.33,0.682828,0.613732,12.67,0.699735,0.613732,12.67,0.699735,6,718,718

moderate-2to1,150,75,0,inf,100,91,2026-09-03T20:09:02.441Z,46,greedy-engine,0.506597,12.00,0.580800,0.601063,13.33,0.682828,0.613732,12.67,0.699735,0.613732,12.67,0.699735,5,718,718

moderate-2to1,150,75,0,inf,100,92,2026-09-03T20:09:02.517Z,51,greedy-engine,0.506597,12.00,0.580800,0.601063,13.33,0.682828,0.613732,12.67,0.699735,0.613732,12.67,0.699735,6,718,718

moderate-2to1,150,75,0,inf,100,93,2026-09-03T20:09:02.601Z,45,greedy-engine,0.506597,12.00,0.580800,0.601063,13.33,0.682828,0.613732,12.67,0.699735,0.613732,12.67,0.699735,6,718,718

moderate-2to1,150,75,0,inf,100,94,2026-09-03T20:09:02.676Z,48,greedy-engine,0.506597,12.00,0.580800,0.601063,13.33,0.682828,0.613732,12.67,0.699735,0.613732,12.67,0.699735,6,718,718

moderate-2to1,150,75,0,inf,100,95,2026-09-03T20:09:02.766Z,64,greedy-engine,0.506597,12.00,0.580800,0.601063,13.33,0.682828,0.613732,12.67,0.699735,0.613732,12.67,0.699735,6,718,718

moderate-2to1,150,75,0,inf,100,96,2026-09-03T20:09:02.866Z,49,greedy-engine,0.506597,12.00,0.580800,0.601063,13.33,0.682828,0.613732,12.67,0.699735,0.613732,12.67,0.699735,7,718,718

moderate-2to1,150,75,0,inf,100,97,2026-09-03T20:09:02.947Z,47,greedy-engine,0.506597,12.00,0.580800,0.601063,13.33,0.682828,0.613732,12.67,0.699735,0.613732,12.67,0.699735,9,718,718

moderate-2to1,150,75,0,inf,100,98,2026-09-03T20:09:03.030Z,50,greedy-engine,0.506597,12.00,0.580800,0.601063,13.33,0.682828,0.613732,12.67,0.699735,0.613732,12.67,0.699735,6,718,718

moderate-2to1,150,75,0,inf,100,99,2026-09-03T20:09:03.111Z,48,greedy-engine,0.506597,12.00,0.580800,0.601063,13.33,0.682828,0.613732,12.67,0.699735,0.613732,12.67,0.699735,6,718,718

moderate-2to1,150,75,0,inf,100,100,2026-09-03T20:09:03.189Z,44,greedy-engine,0.506597,12.00,0.580800,0.601063,13.33,0.682828,0.613732,12.67,0.699735,0.613732,12.67,0.699735,6,718,718

moderate-3to1,150,50,0.05,inf,100,1,2026-09-03T20:09:03.273Z,46,greedy-engine,0.529792,22.00,0.784470,0.585933,20.67,0.850511,0.608823,22.00,0.832158,0.609322,22.00,0.832158,7,537,537

moderate-3to1,150,50,0.05,inf,100,2,2026-09-03T20:09:03.355Z,37,greedy-engine,0.529792,22.00,0.784470,0.585933,20.67,0.850511,0.608823,22.00,0.832158,0.609322,22.00,0.832158,5,537,537

moderate-3to1,150,50,0.05,inf,100,3,2026-09-03T20:09:03.417Z,37,greedy-engine,0.529792,22.00,0.784470,0.585933,20.67,0.850511,0.608823,22.00,0.832158,0.609322,22.00,0.832158,4,537,537

moderate-3to1,150,50,0.05,inf,100,4,2026-09-03T20:09:03.481Z,33,greedy-engine,0.529792,22.00,0.784470,0.585933,20.67,0.850511,0.608823,22.00,0.832158,0.609322,22.00,0.832158,5,537,537

moderate-3to1,150,50,0.05,inf,100,5,2026-09-03T20:09:03.539Z,35,greedy-engine,0.529792,22.00,0.784470,0.585933,20.67,0.850511,0.608823,22.00,0.832158,0.609322,22.00,0.832158,5,537,537

moderate-3to1,150,50,0.05,inf,100,6,2026-09-03T20:09:03.599Z,34,greedy-engine,0.529792,22.00,0.784470,0.585933,20.67,0.850511,0.608823,22.00,0.832158,0.609322,22.00,0.832158,4,537,537

moderate-3to1,150,50,0.05,inf,100,7,2026-09-03T20:09:03.659Z,33,greedy-engine,0.529792,22.00,0.784470,0.585933,20.67,0.850511,0.608823,22.00,0.832158,0.609322,22.00,0.832158,4,537,537

moderate-3to1,150,50,0.05,inf,100,8,2026-09-03T20:09:03.717Z,34,greedy-engine,0.529792,22.00,0.784470,0.585933,20.67,0.850511,0.608823,22.00,0.832158,0.609322,22.00,0.832158,7,537,537

moderate-3to1,150,50,0.05,inf,100,9,2026-09-03T20:09:03.789Z,40,greedy-engine,0.529792,22.00,0.784470,0.585933,20.67,0.850511,0.608823,22.00,0.832158,0.609322,22.00,0.832158,6,537,537

moderate-3to1,150,50,0.05,inf,100,10,2026-09-03T20:09:03.860Z,33,greedy-engine,0.529792,22.00,0.784470,0.585933,20.67,0.850511,0.608823,22.00,0.832158,0.609322,22.00,0.832158,5,537,537

moderate-3to1,150,50,0.05,inf,100,11,2026-09-03T20:09:03.921Z,34,greedy-engine,0.529792,22.00,0.784470,0.585933,20.67,0.850511,0.608823,22.00,0.832158,0.609322,22.00,0.832158,5,537,537

moderate-3to1,150,50,0.05,inf,100,12,2026-09-03T20:09:03.981Z,42,greedy-engine,0.529792,22.00,0.784470,0.585933,20.67,0.850511,0.608823,22.00,0.832158,0.609322,22.00,0.832158,5,537,537

moderate-3to1,150,50,0.05,inf,100,13,2026-09-03T20:09:04.051Z,34,greedy-engine,0.529792,22.00,0.784470,0.585933,20.67,0.850511,0.608823,22.00,0.832158,0.609322,22.00,0.832158,5,537,537

moderate-3to1,150,50,0.05,inf,100,14,2026-09-03T20:09:04.110Z,34,greedy-engine,0.529792,22.00,0.784470,0.585933,20.67,0.850511,0.608823,22.00,0.832158,0.609322,22.00,0.832158,5,537,537

moderate-3to1,150,50,0.05,inf,100,15,2026-09-03T20:09:04.168Z,34,greedy-engine,0.529792,22.00,0.784470,0.585933,20.67,0.850511,0.608823,22.00,0.832158,0.609322,22.00,0.832158,5,537,537

moderate-3to1,150,50,0.05,inf,100,16,2026-09-03T20:09:04.234Z,46,greedy-engine,0.529792,22.00,0.784470,0.585933,20.67,0.850511,0.608823,22.00,0.832158,0.609322,22.00,0.832158,5,537,537

moderate-3to1,150,50,0.05,inf,100,17,2026-09-03T20:09:04.315Z,47,greedy-engine,0.529792,22.00,0.784470,0.585933,20.67,0.850511,0.608823,22.00,0.832158,0.609322,22.00,0.832158,4,537,537

moderate-3to1,150,50,0.05,inf,100,18,2026-09-03T20:09:04.388Z,33,greedy-engine,0.529792,22.00,0.784470,0.585933,20.67,0.850511,0.608823,22.00,0.832158,0.609322,22.00,0.832158,5,537,537

moderate-3to1,150,50,0.05,inf,100,19,2026-09-03T20:09:04.447Z,36,greedy-engine,0.529792,22.00,0.784470,0.585933,20.67,0.850511,0.608823,22.00,0.832158,0.609322,22.00,0.832158,5,537,537

moderate-3to1,150,50,0.05,inf,100,20,2026-09-03T20:09:04.509Z,39,greedy-engine,0.529792,22.00,0.784470,0.585933,20.67,0.850511,0.608823,22.00,0.832158,0.609322,22.00,0.832158,5,537,537

moderate-3to1,150,50,0.05,inf,100,21,2026-09-03T20:09:04.578Z,60,greedy-engine,0.529792,22.00,0.784470,0.585933,20.67,0.850511,0.608823,22.00,0.832158,0.609322,22.00,0.832158,4,537,537

moderate-3to1,150,50,0.05,inf,100,22,2026-09-03T20:09:04.666Z,34,greedy-engine,0.529792,22.00,0.784470,0.585933,20.67,0.850511,0.608823,22.00,0.832158,0.609322,22.00,0.832158,5,537,537

moderate-3to1,150,50,0.05,inf,100,23,2026-09-03T20:09:04.724Z,37,greedy-engine,0.529792,22.00,0.784470,0.585933,20.67,0.850511,0.608823,22.00,0.832158,0.609322,22.00,0.832158,5,537,537

moderate-3to1,150,50,0.05,inf,100,24,2026-09-03T20:09:04.800Z,50,greedy-engine,0.529792,22.00,0.784470,0.585933,20.67,0.850511,0.608823,22.00,0.832158,0.609322,22.00,0.832158,5,537,537

moderate-3to1,150,50,0.05,inf,100,25,2026-09-03T20:09:04.880Z,32,greedy-engine,0.529792,22.00,0.784470,0.585933,20.67,0.850511,0.608823,22.00,0.832158,0.609322,22.00,0.832158,5,537,537

moderate-3to1,150,50,0.05,inf,100,26,2026-09-03T20:09:04.940Z,34,greedy-engine,0.529792,22.00,0.784470,0.585933,20.67,0.850511,0.608823,22.00,0.832158,0.609322,22.00,0.832158,5,537,537

moderate-3to1,150,50,0.05,inf,100,27,2026-09-03T20:09:04.998Z,39,greedy-engine,0.529792,22.00,0.784470,0.585933,20.67,0.850511,0.608823,22.00,0.832158,0.609322,22.00,0.832158,5,537,537

moderate-3to1,150,50,0.05,inf,100,28,2026-09-03T20:09:05.064Z,34,greedy-engine,0.529792,22.00,0.784470,0.585933,20.67,0.850511,0.608823,22.00,0.832158,0.609322,22.00,0.832158,5,537,537

moderate-3to1,150,50,0.05,inf,100,29,2026-09-03T20:09:05.123Z,36,greedy-engine,0.529792,22.00,0.784470,0.585933,20.67,0.850511,0.608823,22.00,0.832158,0.609322,22.00,0.832158,4,537,537

moderate-3to1,150,50,0.05,inf,100,30,2026-09-03T20:09:05.185Z,37,greedy-engine,0.529792,22.00,0.784470,0.585933,20.67,0.850511,0.608823,22.00,0.832158,0.609322,22.00,0.832158,5,537,537

moderate-3to1,150,50,0.05,inf,100,31,2026-09-03T20:09:05.248Z,32,greedy-engine,0.529792,22.00,0.784470,0.585933,20.67,0.850511,0.608823,22.00,0.832158,0.609322,22.00,0.832158,6,537,537

moderate-3to1,150,50,0.05,inf,100,32,2026-09-03T20:09:05.318Z,40,greedy-engine,0.529792,22.00,0.784470,0.585933,20.67,0.850511,0.608823,22.00,0.832158,0.609322,22.00,0.832158,5,537,537

moderate-3to1,150,50,0.05,inf,100,33,2026-09-03T20:09:05.390Z,33,greedy-engine,0.529792,22.00,0.784470,0.585933,20.67,0.850511,0.608823,22.00,0.832158,0.609322,22.00,0.832158,4,537,537

moderate-3to1,150,50,0.05,inf,100,34,2026-09-03T20:09:05.456Z,35,greedy-engine,0.529792,22.00,0.784470,0.585933,20.67,0.850511,0.608823,22.00,0.832158,0.609322,22.00,0.832158,4,537,537

moderate-3to1,150,50,0.05,inf,100,35,2026-09-03T20:09:05.517Z,33,greedy-engine,0.529792,22.00,0.784470,0.585933,20.67,0.850511,0.608823,22.00,0.832158,0.609322,22.00,0.832158,5,537,537

moderate-3to1,150,50,0.05,inf,100,36,2026-09-03T20:09:05.575Z,36,greedy-engine,0.529792,22.00,0.784470,0.585933,20.67,0.850511,0.608823,22.00,0.832158,0.609322,22.00,0.832158,4,537,537

moderate-3to1,150,50,0.05,inf,100,37,2026-09-03T20:09:05.637Z,33,greedy-engine,0.529792,22.00,0.784470,0.585933,20.67,0.850511,0.608823,22.00,0.832158,0.609322,22.00,0.832158,5,537,537

moderate-3to1,150,50,0.05,inf,100,38,2026-09-03T20:09:05.695Z,35,greedy-engine,0.529792,22.00,0.784470,0.585933,20.67,0.850511,0.608823,22.00,0.832158,0.609322,22.00,0.832158,5,537,537

moderate-3to1,150,50,0.05,inf,100,39,2026-09-03T20:09:05.754Z,33,greedy-engine,0.529792,22.00,0.784470,0.585933,20.67,0.850511,0.608823,22.00,0.832158,0.609322,22.00,0.832158,4,537,537

moderate-3to1,150,50,0.05,inf,100,40,2026-09-03T20:09:05.819Z,45,greedy-engine,0.529792,22.00,0.784470,0.585933,20.67,0.850511,0.608823,22.00,0.832158,0.609322,22.00,0.832158,5,537,537

moderate-3to1,150,50,0.05,inf,100,41,2026-09-03T20:09:05.897Z,35,greedy-engine,0.529792,22.00,0.784470,0.585933,20.67,0.850511,0.608823,22.00,0.832158,0.609322,22.00,0.832158,5,537,537

moderate-3to1,150,50,0.05,inf,100,42,2026-09-03T20:09:05.960Z,36,greedy-engine,0.529792,22.00,0.784470,0.585933,20.67,0.850511,0.608823,22.00,0.832158,0.609322,22.00,0.832158,7,537,537

moderate-3to1,150,50,0.05,inf,100,43,2026-09-03T20:09:06.028Z,35,greedy-engine,0.529792,22.00,0.784470,0.585933,20.67,0.850511,0.608823,22.00,0.832158,0.609322,22.00,0.832158,5,537,537

moderate-3to1,150,50,0.05,inf,100,44,2026-09-03T20:09:06.090Z,34,greedy-engine,0.529792,22.00,0.784470,0.585933,20.67,0.850511,0.608823,22.00,0.832158,0.609322,22.00,0.832158,4,537,537

moderate-3to1,150,50,0.05,inf,100,45,2026-09-03T20:09:06.151Z,33,greedy-engine,0.529792,22.00,0.784470,0.585933,20.67,0.850511,0.608823,22.00,0.832158,0.609322,22.00,0.832158,5,537,537

moderate-3to1,150,50,0.05,inf,100,46,2026-09-03T20:09:06.212Z,37,greedy-engine,0.529792,22.00,0.784470,0.585933,20.67,0.850511,0.608823,22.00,0.832158,0.609322,22.00,0.832158,5,537,537

moderate-3to1,150,50,0.05,inf,100,47,2026-09-03T20:09:06.273Z,36,greedy-engine,0.529792,22.00,0.784470,0.585933,20.67,0.850511,0.608823,22.00,0.832158,0.609322,22.00,0.832158,6,537,537

moderate-3to1,150,50,0.05,inf,100,48,2026-09-03T20:09:06.344Z,51,greedy-engine,0.529792,22.00,0.784470,0.585933,20.67,0.850511,0.608823,22.00,0.832158,0.609322,22.00,0.832158,4,537,537

moderate-3to1,150,50,0.05,inf,100,49,2026-09-03T20:09:06.428Z,34,greedy-engine,0.529792,22.00,0.784470,0.585933,20.67,0.850511,0.608823,22.00,0.832158,0.609322,22.00,0.832158,5,537,537

moderate-3to1,150,50,0.05,inf,100,50,2026-09-03T20:09:06.488Z,35,greedy-engine,0.529792,22.00,0.784470,0.585933,20.67,0.850511,0.608823,22.00,0.832158,0.609322,22.00,0.832158,4,537,537

moderate-3to1,150,50,0.05,inf,100,51,2026-09-03T20:09:06.549Z,33,greedy-engine,0.529792,22.00,0.784470,0.585933,20.67,0.850511,0.608823,22.00,0.832158,0.609322,22.00,0.832158,4,537,537

moderate-3to1,150,50,0.05,inf,100,52,2026-09-03T20:09:06.608Z,33,greedy-engine,0.529792,22.00,0.784470,0.585933,20.67,0.850511,0.608823,22.00,0.832158,0.609322,22.00,0.832158,4,537,537

moderate-3to1,150,50,0.05,inf,100,53,2026-09-03T20:09:06.665Z,35,greedy-engine,0.529792,22.00,0.784470,0.585933,20.67,0.850511,0.608823,22.00,0.832158,0.609322,22.00,0.832158,5,537,537

moderate-3to1,150,50,0.05,inf,100,54,2026-09-03T20:09:06.724Z,32,greedy-engine,0.529792,22.00,0.784470,0.585933,20.67,0.850511,0.608823,22.00,0.832158,0.609322,22.00,0.832158,4,537,537

moderate-3to1,150,50,0.05,inf,100,55,2026-09-03T20:09:06.783Z,39,greedy-engine,0.529792,22.00,0.784470,0.585933,20.67,0.850511,0.608823,22.00,0.832158,0.609322,22.00,0.832158,5,537,537

moderate-3to1,150,50,0.05,inf,100,56,2026-09-03T20:09:06.858Z,45,greedy-engine,0.529792,22.00,0.784470,0.585933,20.67,0.850511,0.608823,22.00,0.832158,0.609322,22.00,0.832158,5,537,537

moderate-3to1,150,50,0.05,inf,100,57,2026-09-03T20:09:06.936Z,37,greedy-engine,0.529792,22.00,0.784470,0.585933,20.67,0.850511,0.608823,22.00,0.832158,0.609322,22.00,0.832158,4,537,537

moderate-3to1,150,50,0.05,inf,100,58,2026-09-03T20:09:06.999Z,43,greedy-engine,0.529792,22.00,0.784470,0.585933,20.67,0.850511,0.608823,22.00,0.832158,0.609322,22.00,0.832158,5,537,537

moderate-3to1,150,50,0.05,inf,100,59,2026-09-03T20:09:07.066Z,39,greedy-engine,0.529792,22.00,0.784470,0.585933,20.67,0.850511,0.608823,22.00,0.832158,0.609322,22.00,0.832158,5,537,537

moderate-3to1,150,50,0.05,inf,100,60,2026-09-03T20:09:07.130Z,34,greedy-engine,0.529792,22.00,0.784470,0.585933,20.67,0.850511,0.608823,22.00,0.832158,0.609322,22.00,0.832158,5,537,537

moderate-3to1,150,50,0.05,inf,100,61,2026-09-03T20:09:07.190Z,33,greedy-engine,0.529792,22.00,0.784470,0.585933,20.67,0.850511,0.608823,22.00,0.832158,0.609322,22.00,0.832158,5,537,537

moderate-3to1,150,50,0.05,inf,100,62,2026-09-03T20:09:07.259Z,36,greedy-engine,0.529792,22.00,0.784470,0.585933,20.67,0.850511,0.608823,22.00,0.832158,0.609322,22.00,0.832158,5,537,537

moderate-3to1,150,50,0.05,inf,100,63,2026-09-03T20:09:07.319Z,39,greedy-engine,0.529792,22.00,0.784470,0.585933,20.67,0.850511,0.608823,22.00,0.832158,0.609322,22.00,0.832158,7,537,537

moderate-3to1,150,50,0.05,inf,100,64,2026-09-03T20:09:07.396Z,39,greedy-engine,0.529792,22.00,0.784470,0.585933,20.67,0.850511,0.608823,22.00,0.832158,0.609322,22.00,0.832158,4,537,537

moderate-3to1,150,50,0.05,inf,100,65,2026-09-03T20:09:07.466Z,32,greedy-engine,0.529792,22.00,0.784470,0.585933,20.67,0.850511,0.608823,22.00,0.832158,0.609322,22.00,0.832158,5,537,537

moderate-3to1,150,50,0.05,inf,100,66,2026-09-03T20:09:07.524Z,34,greedy-engine,0.529792,22.00,0.784470,0.585933,20.67,0.850511,0.608823,22.00,0.832158,0.609322,22.00,0.832158,4,537,537

moderate-3to1,150,50,0.05,inf,100,67,2026-09-03T20:09:07.583Z,35,greedy-engine,0.529792,22.00,0.784470,0.585933,20.67,0.850511,0.608823,22.00,0.832158,0.609322,22.00,0.832158,5,537,537

moderate-3to1,150,50,0.05,inf,100,68,2026-09-03T20:09:07.645Z,33,greedy-engine,0.529792,22.00,0.784470,0.585933,20.67,0.850511,0.608823,22.00,0.832158,0.609322,22.00,0.832158,4,537,537

moderate-3to1,150,50,0.05,inf,100,69,2026-09-03T20:09:07.704Z,35,greedy-engine,0.529792,22.00,0.784470,0.585933,20.67,0.850511,0.608823,22.00,0.832158,0.609322,22.00,0.832158,5,537,537

moderate-3to1,150,50,0.05,inf,100,70,2026-09-03T20:09:07.765Z,33,greedy-engine,0.529792,22.00,0.784470,0.585933,20.67,0.850511,0.608823,22.00,0.832158,0.609322,22.00,0.832158,4,537,537

moderate-3to1,150,50,0.05,inf,100,71,2026-09-03T20:09:07.824Z,37,greedy-engine,0.529792,22.00,0.784470,0.585933,20.67,0.850511,0.608823,22.00,0.832158,0.609322,22.00,0.832158,6,537,537

moderate-3to1,150,50,0.05,inf,100,72,2026-09-03T20:09:07.897Z,40,greedy-engine,0.529792,22.00,0.784470,0.585933,20.67,0.850511,0.608823,22.00,0.832158,0.609322,22.00,0.832158,5,537,537

moderate-3to1,150,50,0.05,inf,100,73,2026-09-03T20:09:07.967Z,36,greedy-engine,0.529792,22.00,0.784470,0.585933,20.67,0.850511,0.608823,22.00,0.832158,0.609322,22.00,0.832158,6,537,537

moderate-3to1,150,50,0.05,inf,100,74,2026-09-03T20:09:08.039Z,34,greedy-engine,0.529792,22.00,0.784470,0.585933,20.67,0.850511,0.608823,22.00,0.832158,0.609322,22.00,0.832158,4,537,537

moderate-3to1,150,50,0.05,inf,100,75,2026-09-03T20:09:08.098Z,36,greedy-engine,0.529792,22.00,0.784470,0.585933,20.67,0.850511,0.608823,22.00,0.832158,0.609322,22.00,0.832158,4,537,537

moderate-3to1,150,50,0.05,inf,100,76,2026-09-03T20:09:08.157Z,36,greedy-engine,0.529792,22.00,0.784470,0.585933,20.67,0.850511,0.608823,22.00,0.832158,0.609322,22.00,0.832158,4,537,537

moderate-3to1,150,50,0.05,inf,100,77,2026-09-03T20:09:08.222Z,37,greedy-engine,0.529792,22.00,0.784470,0.585933,20.67,0.850511,0.608823,22.00,0.832158,0.609322,22.00,0.832158,5,537,537

moderate-3to1,150,50,0.05,inf,100,78,2026-09-03T20:09:08.284Z,36,greedy-engine,0.529792,22.00,0.784470,0.585933,20.67,0.850511,0.608823,22.00,0.832158,0.609322,22.00,0.832158,4,537,537

moderate-3to1,150,50,0.05,inf,100,79,2026-09-03T20:09:08.344Z,41,greedy-engine,0.529792,22.00,0.784470,0.585933,20.67,0.850511,0.608823,22.00,0.832158,0.609322,22.00,0.832158,7,537,537

moderate-3to1,150,50,0.05,inf,100,80,2026-09-03T20:09:08.421Z,38,greedy-engine,0.529792,22.00,0.784470,0.585933,20.67,0.850511,0.608823,22.00,0.832158,0.609322,22.00,0.832158,5,537,537

moderate-3to1,150,50,0.05,inf,100,81,2026-09-03T20:09:08.484Z,35,greedy-engine,0.529792,22.00,0.784470,0.585933,20.67,0.850511,0.608823,22.00,0.832158,0.609322,22.00,0.832158,5,537,537

moderate-3to1,150,50,0.05,inf,100,82,2026-09-03T20:09:08.545Z,35,greedy-engine,0.529792,22.00,0.784470,0.585933,20.67,0.850511,0.608823,22.00,0.832158,0.609322,22.00,0.832158,5,537,537

moderate-3to1,150,50,0.05,inf,100,83,2026-09-03T20:09:08.607Z,33,greedy-engine,0.529792,22.00,0.784470,0.585933,20.67,0.850511,0.608823,22.00,0.832158,0.609322,22.00,0.832158,4,537,537

moderate-3to1,150,50,0.05,inf,100,84,2026-09-03T20:09:08.666Z,37,greedy-engine,0.529792,22.00,0.784470,0.585933,20.67,0.850511,0.608823,22.00,0.832158,0.609322,22.00,0.832158,4,537,537

moderate-3to1,150,50,0.05,inf,100,85,2026-09-03T20:09:08.728Z,35,greedy-engine,0.529792,22.00,0.784470,0.585933,20.67,0.850511,0.608823,22.00,0.832158,0.609322,22.00,0.832158,6,537,537

moderate-3to1,150,50,0.05,inf,100,86,2026-09-03T20:09:08.791Z,35,greedy-engine,0.529792,22.00,0.784470,0.585933,20.67,0.850511,0.608823,22.00,0.832158,0.609322,22.00,0.832158,5,537,537

moderate-3to1,150,50,0.05,inf,100,87,2026-09-03T20:09:08.851Z,37,greedy-engine,0.529792,22.00,0.784470,0.585933,20.67,0.850511,0.608823,22.00,0.832158,0.609322,22.00,0.832158,8,537,537

moderate-3to1,150,50,0.05,inf,100,88,2026-09-03T20:09:08.925Z,48,greedy-engine,0.529792,22.00,0.784470,0.585933,20.67,0.850511,0.608823,22.00,0.832158,0.609322,22.00,0.832158,5,537,537

moderate-3to1,150,50,0.05,inf,100,89,2026-09-03T20:09:09.013Z,35,greedy-engine,0.529792,22.00,0.784470,0.585933,20.67,0.850511,0.608823,22.00,0.832158,0.609322,22.00,0.832158,5,537,537

moderate-3to1,150,50,0.05,inf,100,90,2026-09-03T20:09:09.073Z,37,greedy-engine,0.529792,22.00,0.784470,0.585933,20.67,0.850511,0.608823,22.00,0.832158,0.609322,22.00,0.832158,7,537,537

moderate-3to1,150,50,0.05,inf,100,91,2026-09-03T20:09:09.138Z,35,greedy-engine,0.529792,22.00,0.784470,0.585933,20.67,0.850511,0.608823,22.00,0.832158,0.609322,22.00,0.832158,4,537,537

moderate-3to1,150,50,0.05,inf,100,92,2026-09-03T20:09:09.202Z,36,greedy-engine,0.529792,22.00,0.784470,0.585933,20.67,0.850511,0.608823,22.00,0.832158,0.609322,22.00,0.832158,4,537,537

moderate-3to1,150,50,0.05,inf,100,93,2026-09-03T20:09:09.262Z,45,greedy-engine,0.529792,22.00,0.784470,0.585933,20.67,0.850511,0.608823,22.00,0.832158,0.609322,22.00,0.832158,5,537,537

moderate-3to1,150,50,0.05,inf,100,94,2026-09-03T20:09:09.332Z,34,greedy-engine,0.529792,22.00,0.784470,0.585933,20.67,0.850511,0.608823,22.00,0.832158,0.609322,22.00,0.832158,5,537,537

moderate-3to1,150,50,0.05,inf,100,95,2026-09-03T20:09:09.400Z,46,greedy-engine,0.529792,22.00,0.784470,0.585933,20.67,0.850511,0.608823,22.00,0.832158,0.609322,22.00,0.832158,6,537,537

moderate-3to1,150,50,0.05,inf,100,96,2026-09-03T20:09:09.478Z,36,greedy-engine,0.529792,22.00,0.784470,0.585933,20.67,0.850511,0.608823,22.00,0.832158,0.609322,22.00,0.832158,5,537,537

moderate-3to1,150,50,0.05,inf,100,97,2026-09-03T20:09:09.539Z,34,greedy-engine,0.529792,22.00,0.784470,0.585933,20.67,0.850511,0.608823,22.00,0.832158,0.609322,22.00,0.832158,5,537,537

moderate-3to1,150,50,0.05,inf,100,98,2026-09-03T20:09:09.601Z,36,greedy-engine,0.529792,22.00,0.784470,0.585933,20.67,0.850511,0.608823,22.00,0.832158,0.609322,22.00,0.832158,5,537,537

moderate-3to1,150,50,0.05,inf,100,99,2026-09-03T20:09:09.663Z,35,greedy-engine,0.529792,22.00,0.784470,0.585933,20.67,0.850511,0.608823,22.00,0.832158,0.609322,22.00,0.832158,4,537,537

moderate-3to1,150,50,0.05,inf,100,100,2026-09-03T20:09:09.722Z,32,greedy-engine,0.529792,22.00,0.784470,0.585933,20.67,0.850511,0.608823,22.00,0.832158,0.609322,22.00,0.832158,4,537,537

moderate-3to1,150,50,0,inf,100,1,2026-09-03T20:09:09.779Z,32,da-stable,0.522586,22.00,0.784470,0.579671,21.33,0.849024,0.604647,22.00,0.832158,0.604647,22.00,0.832158,4,537,537

moderate-3to1,150,50,0,inf,100,2,2026-09-03T20:09:09.836Z,33,da-stable,0.522586,22.00,0.784470,0.579671,21.33,0.849024,0.604647,22.00,0.832158,0.604647,22.00,0.832158,5,537,537

moderate-3to1,150,50,0,inf,100,3,2026-09-03T20:09:09.904Z,43,da-stable,0.522586,22.00,0.784470,0.579671,21.33,0.849024,0.604647,22.00,0.832158,0.604647,22.00,0.832158,5,537,537

moderate-3to1,150,50,0,inf,100,4,2026-09-03T20:09:09.980Z,40,da-stable,0.522586,22.00,0.784470,0.579671,21.33,0.849024,0.604647,22.00,0.832158,0.604647,22.00,0.832158,5,537,537

moderate-3to1,150,50,0,inf,100,5,2026-09-03T20:09:10.046Z,36,da-stable,0.522586,22.00,0.784470,0.579671,21.33,0.849024,0.604647,22.00,0.832158,0.604647,22.00,0.832158,4,537,537

moderate-3to1,150,50,0,inf,100,6,2026-09-03T20:09:10.108Z,34,da-stable,0.522586,22.00,0.784470,0.579671,21.33,0.849024,0.604647,22.00,0.832158,0.604647,22.00,0.832158,5,537,537

moderate-3to1,150,50,0,inf,100,7,2026-09-03T20:09:10.170Z,32,da-stable,0.522586,22.00,0.784470,0.579671,21.33,0.849024,0.604647,22.00,0.832158,0.604647,22.00,0.832158,5,537,537

moderate-3to1,150,50,0,inf,100,8,2026-09-03T20:09:10.227Z,34,da-stable,0.522586,22.00,0.784470,0.579671,21.33,0.849024,0.604647,22.00,0.832158,0.604647,22.00,0.832158,4,537,537

moderate-3to1,150,50,0,inf,100,9,2026-09-03T20:09:10.285Z,34,da-stable,0.522586,22.00,0.784470,0.579671,21.33,0.849024,0.604647,22.00,0.832158,0.604647,22.00,0.832158,4,537,537

moderate-3to1,150,50,0,inf,100,10,2026-09-03T20:09:10.346Z,33,da-stable,0.522586,22.00,0.784470,0.579671,21.33,0.849024,0.604647,22.00,0.832158,0.604647,22.00,0.832158,5,537,537

moderate-3to1,150,50,0,inf,100,11,2026-09-03T20:09:10.410Z,52,da-stable,0.522586,22.00,0.784470,0.579671,21.33,0.849024,0.604647,22.00,0.832158,0.604647,22.00,0.832158,5,537,537

moderate-3to1,150,50,0,inf,100,12,2026-09-03T20:09:10.498Z,35,da-stable,0.522586,22.00,0.784470,0.579671,21.33,0.849024,0.604647,22.00,0.832158,0.604647,22.00,0.832158,5,537,537

moderate-3to1,150,50,0,inf,100,13,2026-09-03T20:09:10.559Z,32,da-stable,0.522586,22.00,0.784470,0.579671,21.33,0.849024,0.604647,22.00,0.832158,0.604647,22.00,0.832158,4,537,537

moderate-3to1,150,50,0,inf,100,14,2026-09-03T20:09:10.616Z,35,da-stable,0.522586,22.00,0.784470,0.579671,21.33,0.849024,0.604647,22.00,0.832158,0.604647,22.00,0.832158,5,537,537

moderate-3to1,150,50,0,inf,100,15,2026-09-03T20:09:10.674Z,34,da-stable,0.522586,22.00,0.784470,0.579671,21.33,0.849024,0.604647,22.00,0.832158,0.604647,22.00,0.832158,4,537,537

moderate-3to1,150,50,0,inf,100,16,2026-09-03T20:09:10.735Z,33,da-stable,0.522586,22.00,0.784470,0.579671,21.33,0.849024,0.604647,22.00,0.832158,0.604647,22.00,0.832158,5,537,537

moderate-3to1,150,50,0,inf,100,17,2026-09-03T20:09:10.793Z,35,da-stable,0.522586,22.00,0.784470,0.579671,21.33,0.849024,0.604647,22.00,0.832158,0.604647,22.00,0.832158,5,537,537

moderate-3to1,150,50,0,inf,100,18,2026-09-03T20:09:10.853Z,34,da-stable,0.522586,22.00,0.784470,0.579671,21.33,0.849024,0.604647,22.00,0.832158,0.604647,22.00,0.832158,5,537,537

moderate-3to1,150,50,0,inf,100,19,2026-09-03T20:09:10.920Z,44,da-stable,0.522586,22.00,0.784470,0.579671,21.33,0.849024,0.604647,22.00,0.832158,0.604647,22.00,0.832158,5,537,537

moderate-3to1,150,50,0,inf,100,20,2026-09-03T20:09:10.995Z,45,da-stable,0.522586,22.00,0.784470,0.579671,21.33,0.849024,0.604647,22.00,0.832158,0.604647,22.00,0.832158,5,537,537

moderate-3to1,150,50,0,inf,100,21,2026-09-03T20:09:11.067Z,33,da-stable,0.522586,22.00,0.784470,0.579671,21.33,0.849024,0.604647,22.00,0.832158,0.604647,22.00,0.832158,5,537,537

moderate-3to1,150,50,0,inf,100,22,2026-09-03T20:09:11.131Z,35,da-stable,0.522586,22.00,0.784470,0.579671,21.33,0.849024,0.604647,22.00,0.832158,0.604647,22.00,0.832158,4,537,537

moderate-3to1,150,50,0,inf,100,23,2026-09-03T20:09:11.190Z,35,da-stable,0.522586,22.00,0.784470,0.579671,21.33,0.849024,0.604647,22.00,0.832158,0.604647,22.00,0.832158,5,537,537

moderate-3to1,150,50,0,inf,100,24,2026-09-03T20:09:11.253Z,31,da-stable,0.522586,22.00,0.784470,0.579671,21.33,0.849024,0.604647,22.00,0.832158,0.604647,22.00,0.832158,4,537,537

moderate-3to1,150,50,0,inf,100,25,2026-09-03T20:09:11.313Z,31,da-stable,0.522586,22.00,0.784470,0.579671,21.33,0.849024,0.604647,22.00,0.832158,0.604647,22.00,0.832158,5,537,537

moderate-3to1,150,50,0,inf,100,26,2026-09-03T20:09:11.371Z,38,da-stable,0.522586,22.00,0.784470,0.579671,21.33,0.849024,0.604647,22.00,0.832158,0.604647,22.00,0.832158,4,537,537

moderate-3to1,150,50,0,inf,100,27,2026-09-03T20:09:11.437Z,46,da-stable,0.522586,22.00,0.784470,0.579671,21.33,0.849024,0.604647,22.00,0.832158,0.604647,22.00,0.832158,5,537,537

moderate-3to1,150,50,0,inf,100,28,2026-09-03T20:09:11.516Z,34,da-stable,0.522586,22.00,0.784470,0.579671,21.33,0.849024,0.604647,22.00,0.832158,0.604647,22.00,0.832158,5,537,537

moderate-3to1,150,50,0,inf,100,29,2026-09-03T20:09:11.578Z,33,da-stable,0.522586,22.00,0.784470,0.579671,21.33,0.849024,0.604647,22.00,0.832158,0.604647,22.00,0.832158,4,537,537

moderate-3to1,150,50,0,inf,100,30,2026-09-03T20:09:11.637Z,34,da-stable,0.522586,22.00,0.784470,0.579671,21.33,0.849024,0.604647,22.00,0.832158,0.604647,22.00,0.832158,4,537,537

moderate-3to1,150,50,0,inf,100,31,2026-09-03T20:09:11.697Z,33,da-stable,0.522586,22.00,0.784470,0.579671,21.33,0.849024,0.604647,22.00,0.832158,0.604647,22.00,0.832158,5,537,537

moderate-3to1,150,50,0,inf,100,32,2026-09-03T20:09:11.759Z,37,da-stable,0.522586,22.00,0.784470,0.579671,21.33,0.849024,0.604647,22.00,0.832158,0.604647,22.00,0.832158,5,537,537

moderate-3to1,150,50,0,inf,100,33,2026-09-03T20:09:11.820Z,33,da-stable,0.522586,22.00,0.784470,0.579671,21.33,0.849024,0.604647,22.00,0.832158,0.604647,22.00,0.832158,5,537,537

moderate-3to1,150,50,0,inf,100,34,2026-09-03T20:09:11.879Z,31,da-stable,0.522586,22.00,0.784470,0.579671,21.33,0.849024,0.604647,22.00,0.832158,0.604647,22.00,0.832158,4,537,537

moderate-3to1,150,50,0,inf,100,35,2026-09-03T20:09:11.941Z,44,da-stable,0.522586,22.00,0.784470,0.579671,21.33,0.849024,0.604647,22.00,0.832158,0.604647,22.00,0.832158,8,537,537

moderate-3to1,150,50,0,inf,100,36,2026-09-03T20:09:12.030Z,37,da-stable,0.522586,22.00,0.784470,0.579671,21.33,0.849024,0.604647,22.00,0.832158,0.604647,22.00,0.832158,5,537,537

moderate-3to1,150,50,0,inf,100,37,2026-09-03T20:09:12.094Z,34,da-stable,0.522586,22.00,0.784470,0.579671,21.33,0.849024,0.604647,22.00,0.832158,0.604647,22.00,0.832158,5,537,537

moderate-3to1,150,50,0,inf,100,38,2026-09-03T20:09:12.186Z,35,da-stable,0.522586,22.00,0.784470,0.579671,21.33,0.849024,0.604647,22.00,0.832158,0.604647,22.00,0.832158,4,537,537

moderate-3to1,150,50,0,inf,100,39,2026-09-03T20:09:12.247Z,35,da-stable,0.522586,22.00,0.784470,0.579671,21.33,0.849024,0.604647,22.00,0.832158,0.604647,22.00,0.832158,4,537,537

moderate-3to1,150,50,0,inf,100,40,2026-09-03T20:09:12.308Z,34,da-stable,0.522586,22.00,0.784470,0.579671,21.33,0.849024,0.604647,22.00,0.832158,0.604647,22.00,0.832158,5,537,537

moderate-3to1,150,50,0,inf,100,41,2026-09-03T20:09:12.395Z,39,da-stable,0.522586,22.00,0.784470,0.579671,21.33,0.849024,0.604647,22.00,0.832158,0.604647,22.00,0.832158,7,537,537

moderate-3to1,150,50,0,inf,100,42,2026-09-03T20:09:12.470Z,38,da-stable,0.522586,22.00,0.784470,0.579671,21.33,0.849024,0.604647,22.00,0.832158,0.604647,22.00,0.832158,8,537,537

moderate-3to1,150,50,0,inf,100,43,2026-09-03T20:09:12.539Z,33,da-stable,0.522586,22.00,0.784470,0.579671,21.33,0.849024,0.604647,22.00,0.832158,0.604647,22.00,0.832158,4,537,537

moderate-3to1,150,50,0,inf,100,44,2026-09-03T20:09:12.597Z,34,da-stable,0.522586,22.00,0.784470,0.579671,21.33,0.849024,0.604647,22.00,0.832158,0.604647,22.00,0.832158,5,537,537

moderate-3to1,150,50,0,inf,100,45,2026-09-03T20:09:12.656Z,32,da-stable,0.522586,22.00,0.784470,0.579671,21.33,0.849024,0.604647,22.00,0.832158,0.604647,22.00,0.832158,4,537,537

moderate-3to1,150,50,0,inf,100,46,2026-09-03T20:09:12.714Z,33,da-stable,0.522586,22.00,0.784470,0.579671,21.33,0.849024,0.604647,22.00,0.832158,0.604647,22.00,0.832158,5,537,537

moderate-3to1,150,50,0,inf,100,47,2026-09-03T20:09:12.773Z,35,da-stable,0.522586,22.00,0.784470,0.579671,21.33,0.849024,0.604647,22.00,0.832158,0.604647,22.00,0.832158,4,537,537

moderate-3to1,150,50,0,inf,100,48,2026-09-03T20:09:12.833Z,33,da-stable,0.522586,22.00,0.784470,0.579671,21.33,0.849024,0.604647,22.00,0.832158,0.604647,22.00,0.832158,4,537,537

moderate-3to1,150,50,0,inf,100,49,2026-09-03T20:09:12.892Z,33,da-stable,0.522586,22.00,0.784470,0.579671,21.33,0.849024,0.604647,22.00,0.832158,0.604647,22.00,0.832158,5,537,537

moderate-3to1,150,50,0,inf,100,50,2026-09-03T20:09:12.957Z,52,da-stable,0.522586,22.00,0.784470,0.579671,21.33,0.849024,0.604647,22.00,0.832158,0.604647,22.00,0.832158,5,537,537

moderate-3to1,150,50,0,inf,100,51,2026-09-03T20:09:13.045Z,36,da-stable,0.522586,22.00,0.784470,0.579671,21.33,0.849024,0.604647,22.00,0.832158,0.604647,22.00,0.832158,4,537,537

moderate-3to1,150,50,0,inf,100,52,2026-09-03T20:09:13.107Z,34,da-stable,0.522586,22.00,0.784470,0.579671,21.33,0.849024,0.604647,22.00,0.832158,0.604647,22.00,0.832158,5,537,537

moderate-3to1,150,50,0,inf,100,53,2026-09-03T20:09:13.170Z,34,da-stable,0.522586,22.00,0.784470,0.579671,21.33,0.849024,0.604647,22.00,0.832158,0.604647,22.00,0.832158,5,537,537

moderate-3to1,150,50,0,inf,100,54,2026-09-03T20:09:13.229Z,35,da-stable,0.522586,22.00,0.784470,0.579671,21.33,0.849024,0.604647,22.00,0.832158,0.604647,22.00,0.832158,4,537,537

moderate-3to1,150,50,0,inf,100,55,2026-09-03T20:09:13.290Z,32,da-stable,0.522586,22.00,0.784470,0.579671,21.33,0.849024,0.604647,22.00,0.832158,0.604647,22.00,0.832158,5,537,537

moderate-3to1,150,50,0,inf,100,56,2026-09-03T20:09:13.346Z,34,da-stable,0.522586,22.00,0.784470,0.579671,21.33,0.849024,0.604647,22.00,0.832158,0.604647,22.00,0.832158,5,537,537

moderate-3to1,150,50,0,inf,100,57,2026-09-03T20:09:13.407Z,34,da-stable,0.522586,22.00,0.784470,0.579671,21.33,0.849024,0.604647,22.00,0.832158,0.604647,22.00,0.832158,4,537,537

moderate-3to1,150,50,0,inf,100,58,2026-09-03T20:09:13.474Z,44,da-stable,0.522586,22.00,0.784470,0.579671,21.33,0.849024,0.604647,22.00,0.832158,0.604647,22.00,0.832158,5,537,537

moderate-3to1,150,50,0,inf,100,59,2026-09-03T20:09:13.578Z,37,da-stable,0.522586,22.00,0.784470,0.579671,21.33,0.849024,0.604647,22.00,0.832158,0.604647,22.00,0.832158,4,537,537

moderate-3to1,150,50,0,inf,100,60,2026-09-03T20:09:13.640Z,36,da-stable,0.522586,22.00,0.784470,0.579671,21.33,0.849024,0.604647,22.00,0.832158,0.604647,22.00,0.832158,4,537,537

moderate-3to1,150,50,0,inf,100,61,2026-09-03T20:09:13.704Z,32,da-stable,0.522586,22.00,0.784470,0.579671,21.33,0.849024,0.604647,22.00,0.832158,0.604647,22.00,0.832158,5,537,537

moderate-3to1,150,50,0,inf,100,62,2026-09-03T20:09:13.772Z,34,da-stable,0.522586,22.00,0.784470,0.579671,21.33,0.849024,0.604647,22.00,0.832158,0.604647,22.00,0.832158,4,537,537

moderate-3to1,150,50,0,inf,100,63,2026-09-03T20:09:13.831Z,33,da-stable,0.522586,22.00,0.784470,0.579671,21.33,0.849024,0.604647,22.00,0.832158,0.604647,22.00,0.832158,4,537,537

moderate-3to1,150,50,0,inf,100,64,2026-09-03T20:09:13.890Z,36,da-stable,0.522586,22.00,0.784470,0.579671,21.33,0.849024,0.604647,22.00,0.832158,0.604647,22.00,0.832158,5,537,537

moderate-3to1,150,50,0,inf,100,65,2026-09-03T20:09:13.952Z,46,da-stable,0.522586,22.00,0.784470,0.579671,21.33,0.849024,0.604647,22.00,0.832158,0.604647,22.00,0.832158,9,537,537

moderate-3to1,150,50,0,inf,100,66,2026-09-03T20:09:14.035Z,45,da-stable,0.522586,22.00,0.784470,0.579671,21.33,0.849024,0.604647,22.00,0.832158,0.604647,22.00,0.832158,5,537,537

moderate-3to1,150,50,0,inf,100,67,2026-09-03T20:09:14.106Z,33,da-stable,0.522586,22.00,0.784470,0.579671,21.33,0.849024,0.604647,22.00,0.832158,0.604647,22.00,0.832158,5,537,537

moderate-3to1,150,50,0,inf,100,68,2026-09-03T20:09:14.167Z,36,da-stable,0.522586,22.00,0.784470,0.579671,21.33,0.849024,0.604647,22.00,0.832158,0.604647,22.00,0.832158,5,537,537

moderate-3to1,150,50,0,inf,100,69,2026-09-03T20:09:14.228Z,35,da-stable,0.522586,22.00,0.784470,0.579671,21.33,0.849024,0.604647,22.00,0.832158,0.604647,22.00,0.832158,5,537,537

moderate-3to1,150,50,0,inf,100,70,2026-09-03T20:09:14.290Z,38,da-stable,0.522586,22.00,0.784470,0.579671,21.33,0.849024,0.604647,22.00,0.832158,0.604647,22.00,0.832158,4,537,537

moderate-3to1,150,50,0,inf,100,71,2026-09-03T20:09:14.356Z,35,da-stable,0.522586,22.00,0.784470,0.579671,21.33,0.849024,0.604647,22.00,0.832158,0.604647,22.00,0.832158,4,537,537

moderate-3to1,150,50,0,inf,100,72,2026-09-03T20:09:14.418Z,35,da-stable,0.522586,22.00,0.784470,0.579671,21.33,0.849024,0.604647,22.00,0.832158,0.604647,22.00,0.832158,5,537,537

moderate-3to1,150,50,0,inf,100,73,2026-09-03T20:09:14.479Z,47,da-stable,0.522586,22.00,0.784470,0.579671,21.33,0.849024,0.604647,22.00,0.832158,0.604647,22.00,0.832158,5,537,537

moderate-3to1,150,50,0,inf,100,74,2026-09-03T20:09:14.558Z,39,da-stable,0.522586,22.00,0.784470,0.579671,21.33,0.849024,0.604647,22.00,0.832158,0.604647,22.00,0.832158,6,537,537

moderate-3to1,150,50,0,inf,100,75,2026-09-03T20:09:14.624Z,34,da-stable,0.522586,22.00,0.784470,0.579671,21.33,0.849024,0.604647,22.00,0.832158,0.604647,22.00,0.832158,4,537,537

moderate-3to1,150,50,0,inf,100,76,2026-09-03T20:09:14.683Z,33,da-stable,0.522586,22.00,0.784470,0.579671,21.33,0.849024,0.604647,22.00,0.832158,0.604647,22.00,0.832158,5,537,537

moderate-3to1,150,50,0,inf,100,77,2026-09-03T20:09:14.742Z,33,da-stable,0.522586,22.00,0.784470,0.579671,21.33,0.849024,0.604647,22.00,0.832158,0.604647,22.00,0.832158,4,537,537

moderate-3to1,150,50,0,inf,100,78,2026-09-03T20:09:14.799Z,35,da-stable,0.522586,22.00,0.784470,0.579671,21.33,0.849024,0.604647,22.00,0.832158,0.604647,22.00,0.832158,5,537,537

moderate-3to1,150,50,0,inf,100,79,2026-09-03T20:09:14.858Z,34,da-stable,0.522586,22.00,0.784470,0.579671,21.33,0.849024,0.604647,22.00,0.832158,0.604647,22.00,0.832158,5,537,537

moderate-3to1,150,50,0,inf,100,80,2026-09-03T20:09:14.919Z,34,da-stable,0.522586,22.00,0.784470,0.579671,21.33,0.849024,0.604647,22.00,0.832158,0.604647,22.00,0.832158,4,537,537

moderate-3to1,150,50,0,inf,100,81,2026-09-03T20:09:14.978Z,57,da-stable,0.522586,22.00,0.784470,0.579671,21.33,0.849024,0.604647,22.00,0.832158,0.604647,22.00,0.832158,7,537,537

moderate-3to1,150,50,0,inf,100,82,2026-09-03T20:09:15.074Z,45,da-stable,0.522586,22.00,0.784470,0.579671,21.33,0.849024,0.604647,22.00,0.832158,0.604647,22.00,0.832158,5,537,537

moderate-3to1,150,50,0,inf,100,83,2026-09-03T20:09:15.146Z,32,da-stable,0.522586,22.00,0.784470,0.579671,21.33,0.849024,0.604647,22.00,0.832158,0.604647,22.00,0.832158,4,537,537

moderate-3to1,150,50,0,inf,100,84,2026-09-03T20:09:15.202Z,37,da-stable,0.522586,22.00,0.784470,0.579671,21.33,0.849024,0.604647,22.00,0.832158,0.604647,22.00,0.832158,4,537,537

moderate-3to1,150,50,0,inf,100,85,2026-09-03T20:09:15.265Z,34,da-stable,0.522586,22.00,0.784470,0.579671,21.33,0.849024,0.604647,22.00,0.832158,0.604647,22.00,0.832158,4,537,537

moderate-3to1,150,50,0,inf,100,86,2026-09-03T20:09:15.327Z,33,da-stable,0.522586,22.00,0.784470,0.579671,21.33,0.849024,0.604647,22.00,0.832158,0.604647,22.00,0.832158,5,537,537

moderate-3to1,150,50,0,inf,100,87,2026-09-03T20:09:15.386Z,36,da-stable,0.522586,22.00,0.784470,0.579671,21.33,0.849024,0.604647,22.00,0.832158,0.604647,22.00,0.832158,5,537,537

moderate-3to1,150,50,0,inf,100,88,2026-09-03T20:09:15.458Z,59,da-stable,0.522586,22.00,0.784470,0.579671,21.33,0.849024,0.604647,22.00,0.832158,0.604647,22.00,0.832158,9,537,537

moderate-3to1,150,50,0,inf,100,89,2026-09-03T20:09:15.554Z,46,da-stable,0.522586,22.00,0.784470,0.579671,21.33,0.849024,0.604647,22.00,0.832158,0.604647,22.00,0.832158,5,537,537

moderate-3to1,150,50,0,inf,100,90,2026-09-03T20:09:15.628Z,34,da-stable,0.522586,22.00,0.784470,0.579671,21.33,0.849024,0.604647,22.00,0.832158,0.604647,22.00,0.832158,4,537,537

moderate-3to1,150,50,0,inf,100,91,2026-09-03T20:09:15.688Z,34,da-stable,0.522586,22.00,0.784470,0.579671,21.33,0.849024,0.604647,22.00,0.832158,0.604647,22.00,0.832158,4,537,537

moderate-3to1,150,50,0,inf,100,92,2026-09-03T20:09:15.748Z,34,da-stable,0.522586,22.00,0.784470,0.579671,21.33,0.849024,0.604647,22.00,0.832158,0.604647,22.00,0.832158,5,537,537

moderate-3to1,150,50,0,inf,100,93,2026-09-03T20:09:15.809Z,33,da-stable,0.522586,22.00,0.784470,0.579671,21.33,0.849024,0.604647,22.00,0.832158,0.604647,22.00,0.832158,5,537,537

moderate-3to1,150,50,0,inf,100,94,2026-09-03T20:09:15.867Z,36,da-stable,0.522586,22.00,0.784470,0.579671,21.33,0.849024,0.604647,22.00,0.832158,0.604647,22.00,0.832158,4,537,537

moderate-3to1,150,50,0,inf,100,95,2026-09-03T20:09:15.927Z,33,da-stable,0.522586,22.00,0.784470,0.579671,21.33,0.849024,0.604647,22.00,0.832158,0.604647,22.00,0.832158,5,537,537

moderate-3to1,150,50,0,inf,100,96,2026-09-03T20:09:15.987Z,45,da-stable,0.522586,22.00,0.784470,0.579671,21.33,0.849024,0.604647,22.00,0.832158,0.604647,22.00,0.832158,6,537,537

moderate-3to1,150,50,0,inf,100,97,2026-09-03T20:09:16.066Z,40,da-stable,0.522586,22.00,0.784470,0.579671,21.33,0.849024,0.604647,22.00,0.832158,0.604647,22.00,0.832158,5,537,537

moderate-3to1,150,50,0,inf,100,98,2026-09-03T20:09:16.135Z,37,da-stable,0.522586,22.00,0.784470,0.579671,21.33,0.849024,0.604647,22.00,0.832158,0.604647,22.00,0.832158,5,537,537

moderate-3to1,150,50,0,inf,100,99,2026-09-03T20:09:16.200Z,35,da-stable,0.522586,22.00,0.784470,0.579671,21.33,0.849024,0.604647,22.00,0.832158,0.604647,22.00,0.832158,6,537,537

moderate-3to1,150,50,0,inf,100,100,2026-09-03T20:09:16.266Z,33,da-stable,0.522586,22.00,0.784470,0.579671,21.33,0.849024,0.604647,22.00,0.832158,0.604647,22.00,0.832158,5,537,537

moderate-4to1,200,50,0.05,inf,100,1,2026-09-03T20:09:16.329Z,35,greedy-engine,0.522544,36.50,0.825013,0.565414,34.50,0.851663,0.607510,36.00,0.853333,0.608248,36.00,0.853333,6,641,641

moderate-4to1,200,50,0.05,inf,100,2,2026-09-03T20:09:16.395Z,37,greedy-engine,0.522544,36.50,0.825013,0.565414,34.50,0.851663,0.607510,36.00,0.853333,0.608248,36.00,0.853333,6,641,641

moderate-4to1,200,50,0.05,inf,100,3,2026-09-03T20:09:16.463Z,38,greedy-engine,0.522544,36.50,0.825013,0.565414,34.50,0.851663,0.607510,36.00,0.853333,0.608248,36.00,0.853333,10,641,641

moderate-4to1,200,50,0.05,inf,100,4,2026-09-03T20:09:16.550Z,44,greedy-engine,0.522544,36.50,0.825013,0.565414,34.50,0.851663,0.607510,36.00,0.853333,0.608248,36.00,0.853333,7,641,641

moderate-4to1,200,50,0.05,inf,100,5,2026-09-03T20:09:16.629Z,35,greedy-engine,0.522544,36.50,0.825013,0.565414,34.50,0.851663,0.607510,36.00,0.853333,0.608248,36.00,0.853333,5,641,641

moderate-4to1,200,50,0.05,inf,100,6,2026-09-03T20:09:16.695Z,37,greedy-engine,0.522544,36.50,0.825013,0.565414,34.50,0.851663,0.607510,36.00,0.853333,0.608248,36.00,0.853333,5,641,641

moderate-4to1,200,50,0.05,inf,100,7,2026-09-03T20:09:16.763Z,39,greedy-engine,0.522544,36.50,0.825013,0.565414,34.50,0.851663,0.607510,36.00,0.853333,0.608248,36.00,0.853333,5,641,641

moderate-4to1,200,50,0.05,inf,100,8,2026-09-03T20:09:16.834Z,37,greedy-engine,0.522544,36.50,0.825013,0.565414,34.50,0.851663,0.607510,36.00,0.853333,0.608248,36.00,0.853333,6,641,641

moderate-4to1,200,50,0.05,inf,100,9,2026-09-03T20:09:16.901Z,36,greedy-engine,0.522544,36.50,0.825013,0.565414,34.50,0.851663,0.607510,36.00,0.853333,0.608248,36.00,0.853333,6,641,641

moderate-4to1,200,50,0.05,inf,100,10,2026-09-03T20:09:16.971Z,36,greedy-engine,0.522544,36.50,0.825013,0.565414,34.50,0.851663,0.607510,36.00,0.853333,0.608248,36.00,0.853333,6,641,641

moderate-4to1,200,50,0.05,inf,100,11,2026-09-03T20:09:17.047Z,58,greedy-engine,0.522544,36.50,0.825013,0.565414,34.50,0.851663,0.607510,36.00,0.853333,0.608248,36.00,0.853333,7,641,641

moderate-4to1,200,50,0.05,inf,100,12,2026-09-03T20:09:17.142Z,36,greedy-engine,0.522544,36.50,0.825013,0.565414,34.50,0.851663,0.607510,36.00,0.853333,0.608248,36.00,0.853333,6,641,641

moderate-4to1,200,50,0.05,inf,100,13,2026-09-03T20:09:17.209Z,35,greedy-engine,0.522544,36.50,0.825013,0.565414,34.50,0.851663,0.607510,36.00,0.853333,0.608248,36.00,0.853333,6,641,641

moderate-4to1,200,50,0.05,inf,100,14,2026-09-03T20:09:17.277Z,35,greedy-engine,0.522544,36.50,0.825013,0.565414,34.50,0.851663,0.607510,36.00,0.853333,0.608248,36.00,0.853333,6,641,641

moderate-4to1,200,50,0.05,inf,100,15,2026-09-03T20:09:17.342Z,36,greedy-engine,0.522544,36.50,0.825013,0.565414,34.50,0.851663,0.607510,36.00,0.853333,0.608248,36.00,0.853333,6,641,641

moderate-4to1,200,50,0.05,inf,100,16,2026-09-03T20:09:17.410Z,33,greedy-engine,0.522544,36.50,0.825013,0.565414,34.50,0.851663,0.607510,36.00,0.853333,0.608248,36.00,0.853333,5,641,641

moderate-4to1,200,50,0.05,inf,100,17,2026-09-03T20:09:17.473Z,35,greedy-engine,0.522544,36.50,0.825013,0.565414,34.50,0.851663,0.607510,36.00,0.853333,0.608248,36.00,0.853333,6,641,641

moderate-4to1,200,50,0.05,inf,100,18,2026-09-03T20:09:17.544Z,55,greedy-engine,0.522544,36.50,0.825013,0.565414,34.50,0.851663,0.607510,36.00,0.853333,0.608248,36.00,0.853333,7,641,641

moderate-4to1,200,50,0.05,inf,100,19,2026-09-03T20:09:17.640Z,40,greedy-engine,0.522544,36.50,0.825013,0.565414,34.50,0.851663,0.607510,36.00,0.853333,0.608248,36.00,0.853333,6,641,641

moderate-4to1,200,50,0.05,inf,100,20,2026-09-03T20:09:17.710Z,37,greedy-engine,0.522544,36.50,0.825013,0.565414,34.50,0.851663,0.607510,36.00,0.853333,0.608248,36.00,0.853333,6,641,641

moderate-4to1,200,50,0.05,inf,100,21,2026-09-03T20:09:17.790Z,54,greedy-engine,0.522544,36.50,0.825013,0.565414,34.50,0.851663,0.607510,36.00,0.853333,0.608248,36.00,0.853333,5,641,641

moderate-4to1,200,50,0.05,inf,100,22,2026-09-03T20:09:17.877Z,37,greedy-engine,0.522544,36.50,0.825013,0.565414,34.50,0.851663,0.607510,36.00,0.853333,0.608248,36.00,0.853333,6,641,641

moderate-4to1,200,50,0.05,inf,100,23,2026-09-03T20:09:17.945Z,38,greedy-engine,0.522544,36.50,0.825013,0.565414,34.50,0.851663,0.607510,36.00,0.853333,0.608248,36.00,0.853333,6,641,641

moderate-4to1,200,50,0.05,inf,100,24,2026-09-03T20:09:18.023Z,50,greedy-engine,0.522544,36.50,0.825013,0.565414,34.50,0.851663,0.607510,36.00,0.853333,0.608248,36.00,0.853333,7,641,641

moderate-4to1,200,50,0.05,inf,100,25,2026-09-03T20:09:18.151Z,39,greedy-engine,0.522544,36.50,0.825013,0.565414,34.50,0.851663,0.607510,36.00,0.853333,0.608248,36.00,0.853333,6,641,641

moderate-4to1,200,50,0.05,inf,100,26,2026-09-03T20:09:18.222Z,37,greedy-engine,0.522544,36.50,0.825013,0.565414,34.50,0.851663,0.607510,36.00,0.853333,0.608248,36.00,0.853333,6,641,641

moderate-4to1,200,50,0.05,inf,100,27,2026-09-03T20:09:18.289Z,35,greedy-engine,0.522544,36.50,0.825013,0.565414,34.50,0.851663,0.607510,36.00,0.853333,0.608248,36.00,0.853333,6,641,641

moderate-4to1,200,50,0.05,inf,100,28,2026-09-03T20:09:18.360Z,37,greedy-engine,0.522544,36.50,0.825013,0.565414,34.50,0.851663,0.607510,36.00,0.853333,0.608248,36.00,0.853333,6,641,641

moderate-4to1,200,50,0.05,inf,100,29,2026-09-03T20:09:18.428Z,39,greedy-engine,0.522544,36.50,0.825013,0.565414,34.50,0.851663,0.607510,36.00,0.853333,0.608248,36.00,0.853333,6,641,641

moderate-4to1,200,50,0.05,inf,100,30,2026-09-03T20:09:18.499Z,41,greedy-engine,0.522544,36.50,0.825013,0.565414,34.50,0.851663,0.607510,36.00,0.853333,0.608248,36.00,0.853333,8,641,641

moderate-4to1,200,50,0.05,inf,100,31,2026-09-03T20:09:18.584Z,43,greedy-engine,0.522544,36.50,0.825013,0.565414,34.50,0.851663,0.607510,36.00,0.853333,0.608248,36.00,0.853333,6,641,641

moderate-4to1,200,50,0.05,inf,100,32,2026-09-03T20:09:18.661Z,37,greedy-engine,0.522544,36.50,0.825013,0.565414,34.50,0.851663,0.607510,36.00,0.853333,0.608248,36.00,0.853333,6,641,641

moderate-4to1,200,50,0.05,inf,100,33,2026-09-03T20:09:18.731Z,37,greedy-engine,0.522544,36.50,0.825013,0.565414,34.50,0.851663,0.607510,36.00,0.853333,0.608248,36.00,0.853333,6,641,641

moderate-4to1,200,50,0.05,inf,100,34,2026-09-03T20:09:18.799Z,40,greedy-engine,0.522544,36.50,0.825013,0.565414,34.50,0.851663,0.607510,36.00,0.853333,0.608248,36.00,0.853333,5,641,641

moderate-4to1,200,50,0.05,inf,100,35,2026-09-03T20:09:18.870Z,36,greedy-engine,0.522544,36.50,0.825013,0.565414,34.50,0.851663,0.607510,36.00,0.853333,0.608248,36.00,0.853333,6,641,641

moderate-4to1,200,50,0.05,inf,100,36,2026-09-03T20:09:18.937Z,37,greedy-engine,0.522544,36.50,0.825013,0.565414,34.50,0.851663,0.607510,36.00,0.853333,0.608248,36.00,0.853333,6,641,641

moderate-4to1,200,50,0.05,inf,100,37,2026-09-03T20:09:19.008Z,42,greedy-engine,0.522544,36.50,0.825013,0.565414,34.50,0.851663,0.607510,36.00,0.853333,0.608248,36.00,0.853333,11,641,641

moderate-4to1,200,50,0.05,inf,100,38,2026-09-03T20:09:19.098Z,45,greedy-engine,0.522544,36.50,0.825013,0.565414,34.50,0.851663,0.607510,36.00,0.853333,0.608248,36.00,0.853333,6,641,641

moderate-4to1,200,50,0.05,inf,100,39,2026-09-03T20:09:19.176Z,35,greedy-engine,0.522544,36.50,0.825013,0.565414,34.50,0.851663,0.607510,36.00,0.853333,0.608248,36.00,0.853333,6,641,641

moderate-4to1,200,50,0.05,inf,100,40,2026-09-03T20:09:19.251Z,37,greedy-engine,0.522544,36.50,0.825013,0.565414,34.50,0.851663,0.607510,36.00,0.853333,0.608248,36.00,0.853333,6,641,641

moderate-4to1,200,50,0.05,inf,100,41,2026-09-03T20:09:19.318Z,36,greedy-engine,0.522544,36.50,0.825013,0.565414,34.50,0.851663,0.607510,36.00,0.853333,0.608248,36.00,0.853333,6,641,641

moderate-4to1,200,50,0.05,inf,100,42,2026-09-03T20:09:19.385Z,38,greedy-engine,0.522544,36.50,0.825013,0.565414,34.50,0.851663,0.607510,36.00,0.853333,0.608248,36.00,0.853333,6,641,641

moderate-4to1,200,50,0.05,inf,100,43,2026-09-03T20:09:19.454Z,36,greedy-engine,0.522544,36.50,0.825013,0.565414,34.50,0.851663,0.607510,36.00,0.853333,0.608248,36.00,0.853333,5,641,641

moderate-4to1,200,50,0.05,inf,100,44,2026-09-03T20:09:19.523Z,45,greedy-engine,0.522544,36.50,0.825013,0.565414,34.50,0.851663,0.607510,36.00,0.853333,0.608248,36.00,0.853333,10,641,641

moderate-4to1,200,50,0.05,inf,100,45,2026-09-03T20:09:19.608Z,45,greedy-engine,0.522544,36.50,0.825013,0.565414,34.50,0.851663,0.607510,36.00,0.853333,0.608248,36.00,0.853333,6,641,641

moderate-4to1,200,50,0.05,inf,100,46,2026-09-03T20:09:19.688Z,41,greedy-engine,0.522544,36.50,0.825013,0.565414,34.50,0.851663,0.607510,36.00,0.853333,0.608248,36.00,0.853333,5,641,641

moderate-4to1,200,50,0.05,inf,100,47,2026-09-03T20:09:19.759Z,41,greedy-engine,0.522544,36.50,0.825013,0.565414,34.50,0.851663,0.607510,36.00,0.853333,0.608248,36.00,0.853333,6,641,641

moderate-4to1,200,50,0.05,inf,100,48,2026-09-03T20:09:19.840Z,36,greedy-engine,0.522544,36.50,0.825013,0.565414,34.50,0.851663,0.607510,36.00,0.853333,0.608248,36.00,0.853333,6,641,641

moderate-4to1,200,50,0.05,inf,100,49,2026-09-03T20:09:19.908Z,37,greedy-engine,0.522544,36.50,0.825013,0.565414,34.50,0.851663,0.607510,36.00,0.853333,0.608248,36.00,0.853333,6,641,641

moderate-4to1,200,50,0.05,inf,100,50,2026-09-03T20:09:19.976Z,40,greedy-engine,0.522544,36.50,0.825013,0.565414,34.50,0.851663,0.607510,36.00,0.853333,0.608248,36.00,0.853333,6,641,641

moderate-4to1,200,50,0.05,inf,100,51,2026-09-03T20:09:20.047Z,50,greedy-engine,0.522544,36.50,0.825013,0.565414,34.50,0.851663,0.607510,36.00,0.853333,0.608248,36.00,0.853333,7,641,641

moderate-4to1,200,50,0.05,inf,100,52,2026-09-03T20:09:20.139Z,39,greedy-engine,0.522544,36.50,0.825013,0.565414,34.50,0.851663,0.607510,36.00,0.853333,0.608248,36.00,0.853333,5,641,641

moderate-4to1,200,50,0.05,inf,100,53,2026-09-03T20:09:20.246Z,37,greedy-engine,0.522544,36.50,0.825013,0.565414,34.50,0.851663,0.607510,36.00,0.853333,0.608248,36.00,0.853333,5,641,641

moderate-4to1,200,50,0.05,inf,100,54,2026-09-03T20:09:20.315Z,40,greedy-engine,0.522544,36.50,0.825013,0.565414,34.50,0.851663,0.607510,36.00,0.853333,0.608248,36.00,0.853333,6,641,641

moderate-4to1,200,50,0.05,inf,100,55,2026-09-03T20:09:20.386Z,37,greedy-engine,0.522544,36.50,0.825013,0.565414,34.50,0.851663,0.607510,36.00,0.853333,0.608248,36.00,0.853333,5,641,641

moderate-4to1,200,50,0.05,inf,100,56,2026-09-03T20:09:20.456Z,37,greedy-engine,0.522544,36.50,0.825013,0.565414,34.50,0.851663,0.607510,36.00,0.853333,0.608248,36.00,0.853333,6,641,641

moderate-4to1,200,50,0.05,inf,100,57,2026-09-03T20:09:20.524Z,35,greedy-engine,0.522544,36.50,0.825013,0.565414,34.50,0.851663,0.607510,36.00,0.853333,0.608248,36.00,0.853333,6,641,641

moderate-4to1,200,50,0.05,inf,100,58,2026-09-03T20:09:20.600Z,53,greedy-engine,0.522544,36.50,0.825013,0.565414,34.50,0.851663,0.607510,36.00,0.853333,0.608248,36.00,0.853333,6,641,641

moderate-4to1,200,50,0.05,inf,100,59,2026-09-03T20:09:20.691Z,39,greedy-engine,0.522544,36.50,0.825013,0.565414,34.50,0.851663,0.607510,36.00,0.853333,0.608248,36.00,0.853333,5,641,641

moderate-4to1,200,50,0.05,inf,100,60,2026-09-03T20:09:20.761Z,36,greedy-engine,0.522544,36.50,0.825013,0.565414,34.50,0.851663,0.607510,36.00,0.853333,0.608248,36.00,0.853333,5,641,641

moderate-4to1,200,50,0.05,inf,100,61,2026-09-03T20:09:20.830Z,40,greedy-engine,0.522544,36.50,0.825013,0.565414,34.50,0.851663,0.607510,36.00,0.853333,0.608248,36.00,0.853333,5,641,641

moderate-4to1,200,50,0.05,inf,100,62,2026-09-03T20:09:20.901Z,40,greedy-engine,0.522544,36.50,0.825013,0.565414,34.50,0.851663,0.607510,36.00,0.853333,0.608248,36.00,0.853333,5,641,641

moderate-4to1,200,50,0.05,inf,100,63,2026-09-03T20:09:20.971Z,44,greedy-engine,0.522544,36.50,0.825013,0.565414,34.50,0.851663,0.607510,36.00,0.853333,0.608248,36.00,0.853333,6,641,641

moderate-4to1,200,50,0.05,inf,100,64,2026-09-03T20:09:21.046Z,36,greedy-engine,0.522544,36.50,0.825013,0.565414,34.50,0.851663,0.607510,36.00,0.853333,0.608248,36.00,0.853333,5,641,641

moderate-4to1,200,50,0.05,inf,100,65,2026-09-03T20:09:21.126Z,48,greedy-engine,0.522544,36.50,0.825013,0.565414,34.50,0.851663,0.607510,36.00,0.853333,0.608248,36.00,0.853333,7,641,641

moderate-4to1,200,50,0.05,inf,100,66,2026-09-03T20:09:21.213Z,38,greedy-engine,0.522544,36.50,0.825013,0.565414,34.50,0.851663,0.607510,36.00,0.853333,0.608248,36.00,0.853333,5,641,641

moderate-4to1,200,50,0.05,inf,100,67,2026-09-03T20:09:21.283Z,34,greedy-engine,0.522544,36.50,0.825013,0.565414,34.50,0.851663,0.607510,36.00,0.853333,0.608248,36.00,0.853333,6,641,641

moderate-4to1,200,50,0.05,inf,100,68,2026-09-03T20:09:21.350Z,35,greedy-engine,0.522544,36.50,0.825013,0.565414,34.50,0.851663,0.607510,36.00,0.853333,0.608248,36.00,0.853333,6,641,641

moderate-4to1,200,50,0.05,inf,100,69,2026-09-03T20:09:21.414Z,36,greedy-engine,0.522544,36.50,0.825013,0.565414,34.50,0.851663,0.607510,36.00,0.853333,0.608248,36.00,0.853333,5,641,641

moderate-4to1,200,50,0.05,inf,100,70,2026-09-03T20:09:21.480Z,35,greedy-engine,0.522544,36.50,0.825013,0.565414,34.50,0.851663,0.607510,36.00,0.853333,0.608248,36.00,0.853333,5,641,641

moderate-4to1,200,50,0.05,inf,100,71,2026-09-03T20:09:21.547Z,38,greedy-engine,0.522544,36.50,0.825013,0.565414,34.50,0.851663,0.607510,36.00,0.853333,0.608248,36.00,0.853333,6,641,641

moderate-4to1,200,50,0.05,inf,100,72,2026-09-03T20:09:21.621Z,53,greedy-engine,0.522544,36.50,0.825013,0.565414,34.50,0.851663,0.607510,36.00,0.853333,0.608248,36.00,0.853333,11,641,641

moderate-4to1,200,50,0.05,inf,100,73,2026-09-03T20:09:21.724Z,36,greedy-engine,0.522544,36.50,0.825013,0.565414,34.50,0.851663,0.607510,36.00,0.853333,0.608248,36.00,0.853333,6,641,641

moderate-4to1,200,50,0.05,inf,100,74,2026-09-03T20:09:21.792Z,39,greedy-engine,0.522544,36.50,0.825013,0.565414,34.50,0.851663,0.607510,36.00,0.853333,0.608248,36.00,0.853333,6,641,641

moderate-4to1,200,50,0.05,inf,100,75,2026-09-03T20:09:21.860Z,35,greedy-engine,0.522544,36.50,0.825013,0.565414,34.50,0.851663,0.607510,36.00,0.853333,0.608248,36.00,0.853333,6,641,641

moderate-4to1,200,50,0.05,inf,100,76,2026-09-03T20:09:21.926Z,35,greedy-engine,0.522544,36.50,0.825013,0.565414,34.50,0.851663,0.607510,36.00,0.853333,0.608248,36.00,0.853333,7,641,641

moderate-4to1,200,50,0.05,inf,100,77,2026-09-03T20:09:21.991Z,40,greedy-engine,0.522544,36.50,0.825013,0.565414,34.50,0.851663,0.607510,36.00,0.853333,0.608248,36.00,0.853333,5,641,641

moderate-4to1,200,50,0.05,inf,100,78,2026-09-03T20:09:22.064Z,38,greedy-engine,0.522544,36.50,0.825013,0.565414,34.50,0.851663,0.607510,36.00,0.853333,0.608248,36.00,0.853333,5,641,641

moderate-4to1,200,50,0.05,inf,100,79,2026-09-03T20:09:22.138Z,52,greedy-engine,0.522544,36.50,0.825013,0.565414,34.50,0.851663,0.607510,36.00,0.853333,0.608248,36.00,0.853333,7,641,641

moderate-4to1,200,50,0.05,inf,100,80,2026-09-03T20:09:22.231Z,37,greedy-engine,0.522544,36.50,0.825013,0.565414,34.50,0.851663,0.607510,36.00,0.853333,0.608248,36.00,0.853333,6,641,641

moderate-4to1,200,50,0.05,inf,100,81,2026-09-03T20:09:22.298Z,40,greedy-engine,0.522544,36.50,0.825013,0.565414,34.50,0.851663,0.607510,36.00,0.853333,0.608248,36.00,0.853333,6,641,641

moderate-4to1,200,50,0.05,inf,100,82,2026-09-03T20:09:22.370Z,37,greedy-engine,0.522544,36.50,0.825013,0.565414,34.50,0.851663,0.607510,36.00,0.853333,0.608248,36.00,0.853333,7,641,641

moderate-4to1,200,50,0.05,inf,100,83,2026-09-03T20:09:22.438Z,35,greedy-engine,0.522544,36.50,0.825013,0.565414,34.50,0.851663,0.607510,36.00,0.853333,0.608248,36.00,0.853333,5,641,641

moderate-4to1,200,50,0.05,inf,100,84,2026-09-03T20:09:22.504Z,33,greedy-engine,0.522544,36.50,0.825013,0.565414,34.50,0.851663,0.607510,36.00,0.853333,0.608248,36.00,0.853333,6,641,641

moderate-4to1,200,50,0.05,inf,100,85,2026-09-03T20:09:22.574Z,36,greedy-engine,0.522544,36.50,0.825013,0.565414,34.50,0.851663,0.607510,36.00,0.853333,0.608248,36.00,0.853333,6,641,641

moderate-4to1,200,50,0.05,inf,100,86,2026-09-03T20:09:22.641Z,58,greedy-engine,0.522544,36.50,0.825013,0.565414,34.50,0.851663,0.607510,36.00,0.853333,0.608248,36.00,0.853333,7,641,641

moderate-4to1,200,50,0.05,inf,100,87,2026-09-03T20:09:22.740Z,39,greedy-engine,0.522544,36.50,0.825013,0.565414,34.50,0.851663,0.607510,36.00,0.853333,0.608248,36.00,0.853333,5,641,641

moderate-4to1,200,50,0.05,inf,100,88,2026-09-03T20:09:22.812Z,36,greedy-engine,0.522544,36.50,0.825013,0.565414,34.50,0.851663,0.607510,36.00,0.853333,0.608248,36.00,0.853333,6,641,641

moderate-4to1,200,50,0.05,inf,100,89,2026-09-03T20:09:22.879Z,37,greedy-engine,0.522544,36.50,0.825013,0.565414,34.50,0.851663,0.607510,36.00,0.853333,0.608248,36.00,0.853333,5,641,641

moderate-4to1,200,50,0.05,inf,100,90,2026-09-03T20:09:22.946Z,36,greedy-engine,0.522544,36.50,0.825013,0.565414,34.50,0.851663,0.607510,36.00,0.853333,0.608248,36.00,0.853333,5,641,641

moderate-4to1,200,50,0.05,inf,100,91,2026-09-03T20:09:23.024Z,54,greedy-engine,0.522544,36.50,0.825013,0.565414,34.50,0.851663,0.607510,36.00,0.853333,0.608248,36.00,0.853333,5,641,641

moderate-4to1,200,50,0.05,inf,100,92,2026-09-03T20:09:23.108Z,38,greedy-engine,0.522544,36.50,0.825013,0.565414,34.50,0.851663,0.607510,36.00,0.853333,0.608248,36.00,0.853333,7,641,641

moderate-4to1,200,50,0.05,inf,100,93,2026-09-03T20:09:23.193Z,47,greedy-engine,0.522544,36.50,0.825013,0.565414,34.50,0.851663,0.607510,36.00,0.853333,0.608248,36.00,0.853333,7,641,641

moderate-4to1,200,50,0.05,inf,100,94,2026-09-03T20:09:23.277Z,36,greedy-engine,0.522544,36.50,0.825013,0.565414,34.50,0.851663,0.607510,36.00,0.853333,0.608248,36.00,0.853333,6,641,641

moderate-4to1,200,50,0.05,inf,100,95,2026-09-03T20:09:23.343Z,37,greedy-engine,0.522544,36.50,0.825013,0.565414,34.50,0.851663,0.607510,36.00,0.853333,0.608248,36.00,0.853333,5,641,641

moderate-4to1,200,50,0.05,inf,100,96,2026-09-03T20:09:23.410Z,38,greedy-engine,0.522544,36.50,0.825013,0.565414,34.50,0.851663,0.607510,36.00,0.853333,0.608248,36.00,0.853333,5,641,641

moderate-4to1,200,50,0.05,inf,100,97,2026-09-03T20:09:23.478Z,35,greedy-engine,0.522544,36.50,0.825013,0.565414,34.50,0.851663,0.607510,36.00,0.853333,0.608248,36.00,0.853333,6,641,641

moderate-4to1,200,50,0.05,inf,100,98,2026-09-03T20:09:23.544Z,39,greedy-engine,0.522544,36.50,0.825013,0.565414,34.50,0.851663,0.607510,36.00,0.853333,0.608248,36.00,0.853333,6,641,641

moderate-4to1,200,50,0.05,inf,100,99,2026-09-03T20:09:23.614Z,37,greedy-engine,0.522544,36.50,0.825013,0.565414,34.50,0.851663,0.607510,36.00,0.853333,0.608248,36.00,0.853333,6,641,641

moderate-4to1,200,50,0.05,inf,100,100,2026-09-03T20:09:23.687Z,54,greedy-engine,0.522544,36.50,0.825013,0.565414,34.50,0.851663,0.607510,36.00,0.853333,0.608248,36.00,0.853333,6,641,641

moderate-4to1,200,50,0,inf,100,1,2026-09-03T20:09:23.780Z,37,da-stable,0.515591,36.50,0.825013,0.559352,35.50,0.842582,0.604504,36.00,0.853333,0.604238,36.00,0.853333,5,641,641

moderate-4to1,200,50,0,inf,100,2,2026-09-03T20:09:23.849Z,36,da-stable,0.515591,36.50,0.825013,0.559352,35.50,0.842582,0.604504,36.00,0.853333,0.604238,36.00,0.853333,5,641,641

moderate-4to1,200,50,0,inf,100,3,2026-09-03T20:09:23.915Z,40,da-stable,0.515591,36.50,0.825013,0.559352,35.50,0.842582,0.604504,36.00,0.853333,0.604238,36.00,0.853333,6,641,641

moderate-4to1,200,50,0,inf,100,4,2026-09-03T20:09:23.985Z,46,da-stable,0.515591,36.50,0.825013,0.559352,35.50,0.842582,0.604504,36.00,0.853333,0.604238,36.00,0.853333,5,641,641

moderate-4to1,200,50,0,inf,100,5,2026-09-03T20:09:24.064Z,39,da-stable,0.515591,36.50,0.825013,0.559352,35.50,0.842582,0.604504,36.00,0.853333,0.604238,36.00,0.853333,7,641,641

moderate-4to1,200,50,0,inf,100,6,2026-09-03T20:09:24.137Z,35,da-stable,0.515591,36.50,0.825013,0.559352,35.50,0.842582,0.604504,36.00,0.853333,0.604238,36.00,0.853333,9,641,641

moderate-4to1,200,50,0,inf,100,7,2026-09-03T20:09:24.216Z,47,da-stable,0.515591,36.50,0.825013,0.559352,35.50,0.842582,0.604504,36.00,0.853333,0.604238,36.00,0.853333,6,641,641

moderate-4to1,200,50,0,inf,100,8,2026-09-03T20:09:24.303Z,39,da-stable,0.515591,36.50,0.825013,0.559352,35.50,0.842582,0.604504,36.00,0.853333,0.604238,36.00,0.853333,6,641,641

moderate-4to1,200,50,0,inf,100,9,2026-09-03T20:09:24.374Z,35,da-stable,0.515591,36.50,0.825013,0.559352,35.50,0.842582,0.604504,36.00,0.853333,0.604238,36.00,0.853333,5,641,641

moderate-4to1,200,50,0,inf,100,10,2026-09-03T20:09:24.440Z,34,da-stable,0.515591,36.50,0.825013,0.559352,35.50,0.842582,0.604504,36.00,0.853333,0.604238,36.00,0.853333,6,641,641

moderate-4to1,200,50,0,inf,100,11,2026-09-03T20:09:24.505Z,37,da-stable,0.515591,36.50,0.825013,0.559352,35.50,0.842582,0.604504,36.00,0.853333,0.604238,36.00,0.853333,6,641,641

moderate-4to1,200,50,0,inf,100,12,2026-09-03T20:09:24.572Z,35,da-stable,0.515591,36.50,0.825013,0.559352,35.50,0.842582,0.604504,36.00,0.853333,0.604238,36.00,0.853333,6,641,641

moderate-4to1,200,50,0,inf,100,13,2026-09-03T20:09:24.637Z,36,da-stable,0.515591,36.50,0.825013,0.559352,35.50,0.842582,0.604504,36.00,0.853333,0.604238,36.00,0.853333,10,641,641

moderate-4to1,200,50,0,inf,100,14,2026-09-03T20:09:24.720Z,44,da-stable,0.515591,36.50,0.825013,0.559352,35.50,0.842582,0.604504,36.00,0.853333,0.604238,36.00,0.853333,10,641,641

moderate-4to1,200,50,0,inf,100,15,2026-09-03T20:09:24.801Z,36,da-stable,0.515591,36.50,0.825013,0.559352,35.50,0.842582,0.604504,36.00,0.853333,0.604238,36.00,0.853333,7,641,641

moderate-4to1,200,50,0,inf,100,16,2026-09-03T20:09:24.869Z,36,da-stable,0.515591,36.50,0.825013,0.559352,35.50,0.842582,0.604504,36.00,0.853333,0.604238,36.00,0.853333,6,641,641

moderate-4to1,200,50,0,inf,100,17,2026-09-03T20:09:24.946Z,53,da-stable,0.515591,36.50,0.825013,0.559352,35.50,0.842582,0.604504,36.00,0.853333,0.604238,36.00,0.853333,5,641,641

moderate-4to1,200,50,0,inf,100,18,2026-09-03T20:09:25.033Z,36,da-stable,0.515591,36.50,0.825013,0.559352,35.50,0.842582,0.604504,36.00,0.853333,0.604238,36.00,0.853333,6,641,641

moderate-4to1,200,50,0,inf,100,19,2026-09-03T20:09:25.102Z,35,da-stable,0.515591,36.50,0.825013,0.559352,35.50,0.842582,0.604504,36.00,0.853333,0.604238,36.00,0.853333,5,641,641

moderate-4to1,200,50,0,inf,100,20,2026-09-03T20:09:25.174Z,51,da-stable,0.515591,36.50,0.825013,0.559352,35.50,0.842582,0.604504,36.00,0.853333,0.604238,36.00,0.853333,7,641,641

moderate-4to1,200,50,0,inf,100,21,2026-09-03T20:09:25.307Z,39,da-stable,0.515591,36.50,0.825013,0.559352,35.50,0.842582,0.604504,36.00,0.853333,0.604238,36.00,0.853333,6,641,641

moderate-4to1,200,50,0,inf,100,22,2026-09-03T20:09:25.377Z,38,da-stable,0.515591,36.50,0.825013,0.559352,35.50,0.842582,0.604504,36.00,0.853333,0.604238,36.00,0.853333,6,641,641

moderate-4to1,200,50,0,inf,100,23,2026-09-03T20:09:25.447Z,37,da-stable,0.515591,36.50,0.825013,0.559352,35.50,0.842582,0.604504,36.00,0.853333,0.604238,36.00,0.853333,6,641,641

moderate-4to1,200,50,0,inf,100,24,2026-09-03T20:09:25.516Z,38,da-stable,0.515591,36.50,0.825013,0.559352,35.50,0.842582,0.604504,36.00,0.853333,0.604238,36.00,0.853333,6,641,641

moderate-4to1,200,50,0,inf,100,25,2026-09-03T20:09:25.584Z,38,da-stable,0.515591,36.50,0.825013,0.559352,35.50,0.842582,0.604504,36.00,0.853333,0.604238,36.00,0.853333,5,641,641

moderate-4to1,200,50,0,inf,100,26,2026-09-03T20:09:25.653Z,38,da-stable,0.515591,36.50,0.825013,0.559352,35.50,0.842582,0.604504,36.00,0.853333,0.604238,36.00,0.853333,10,641,641

moderate-4to1,200,50,0,inf,100,27,2026-09-03T20:09:25.735Z,54,da-stable,0.515591,36.50,0.825013,0.559352,35.50,0.842582,0.604504,36.00,0.853333,0.604238,36.00,0.853333,5,641,641

moderate-4to1,200,50,0,inf,100,28,2026-09-03T20:09:25.825Z,36,da-stable,0.515591,36.50,0.825013,0.559352,35.50,0.842582,0.604504,36.00,0.853333,0.604238,36.00,0.853333,6,641,641

moderate-4to1,200,50,0,inf,100,29,2026-09-03T20:09:25.892Z,40,da-stable,0.515591,36.50,0.825013,0.559352,35.50,0.842582,0.604504,36.00,0.853333,0.604238,36.00,0.853333,5,641,641

moderate-4to1,200,50,0,inf,100,30,2026-09-03T20:09:25.962Z,37,da-stable,0.515591,36.50,0.825013,0.559352,35.50,0.842582,0.604504,36.00,0.853333,0.604238,36.00,0.853333,9,641,641

moderate-4to1,200,50,0,inf,100,31,2026-09-03T20:09:26.036Z,41,da-stable,0.515591,36.50,0.825013,0.559352,35.50,0.842582,0.604504,36.00,0.853333,0.604238,36.00,0.853333,5,641,641

moderate-4to1,200,50,0,inf,100,32,2026-09-03T20:09:26.111Z,37,da-stable,0.515591,36.50,0.825013,0.559352,35.50,0.842582,0.604504,36.00,0.853333,0.604238,36.00,0.853333,6,641,641

moderate-4to1,200,50,0,inf,100,33,2026-09-03T20:09:26.180Z,43,da-stable,0.515591,36.50,0.825013,0.559352,35.50,0.842582,0.604504,36.00,0.853333,0.604238,36.00,0.853333,9,641,641

moderate-4to1,200,50,0,inf,100,34,2026-09-03T20:09:26.266Z,47,da-stable,0.515591,36.50,0.825013,0.559352,35.50,0.842582,0.604504,36.00,0.853333,0.604238,36.00,0.853333,5,641,641

moderate-4to1,200,50,0,inf,100,35,2026-09-03T20:09:26.343Z,35,da-stable,0.515591,36.50,0.825013,0.559352,35.50,0.842582,0.604504,36.00,0.853333,0.604238,36.00,0.853333,6,641,641

moderate-4to1,200,50,0,inf,100,36,2026-09-03T20:09:26.412Z,37,da-stable,0.515591,36.50,0.825013,0.559352,35.50,0.842582,0.604504,36.00,0.853333,0.604238,36.00,0.853333,5,641,641

moderate-4to1,200,50,0,inf,100,37,2026-09-03T20:09:26.480Z,38,da-stable,0.515591,36.50,0.825013,0.559352,35.50,0.842582,0.604504,36.00,0.853333,0.604238,36.00,0.853333,6,641,641

moderate-4to1,200,50,0,inf,100,38,2026-09-03T20:09:26.558Z,36,da-stable,0.515591,36.50,0.825013,0.559352,35.50,0.842582,0.604504,36.00,0.853333,0.604238,36.00,0.853333,5,641,641

moderate-4to1,200,50,0,inf,100,39,2026-09-03T20:09:26.626Z,37,da-stable,0.515591,36.50,0.825013,0.559352,35.50,0.842582,0.604504,36.00,0.853333,0.604238,36.00,0.853333,6,641,641

moderate-4to1,200,50,0,inf,100,40,2026-09-03T20:09:26.694Z,48,da-stable,0.515591,36.50,0.825013,0.559352,35.50,0.842582,0.604504,36.00,0.853333,0.604238,36.00,0.853333,9,641,641

moderate-4to1,200,50,0,inf,100,41,2026-09-03T20:09:26.784Z,46,da-stable,0.515591,36.50,0.825013,0.559352,35.50,0.842582,0.604504,36.00,0.853333,0.604238,36.00,0.853333,6,641,641

moderate-4to1,200,50,0,inf,100,42,2026-09-03T20:09:26.863Z,37,da-stable,0.515591,36.50,0.825013,0.559352,35.50,0.842582,0.604504,36.00,0.853333,0.604238,36.00,0.853333,6,641,641

moderate-4to1,200,50,0,inf,100,43,2026-09-03T20:09:26.931Z,37,da-stable,0.515591,36.50,0.825013,0.559352,35.50,0.842582,0.604504,36.00,0.853333,0.604238,36.00,0.853333,5,641,641

moderate-4to1,200,50,0,inf,100,44,2026-09-03T20:09:27.000Z,43,da-stable,0.515591,36.50,0.825013,0.559352,35.50,0.842582,0.604504,36.00,0.853333,0.604238,36.00,0.853333,6,641,641

moderate-4to1,200,50,0,inf,100,45,2026-09-03T20:09:27.072Z,36,da-stable,0.515591,36.50,0.825013,0.559352,35.50,0.842582,0.604504,36.00,0.853333,0.604238,36.00,0.853333,6,641,641

moderate-4to1,200,50,0,inf,100,46,2026-09-03T20:09:27.140Z,36,da-stable,0.515591,36.50,0.825013,0.559352,35.50,0.842582,0.604504,36.00,0.853333,0.604238,36.00,0.853333,7,641,641

moderate-4to1,200,50,0,inf,100,47,2026-09-03T20:09:27.209Z,51,da-stable,0.515591,36.50,0.825013,0.559352,35.50,0.842582,0.604504,36.00,0.853333,0.604238,36.00,0.853333,6,641,641

moderate-4to1,200,50,0,inf,100,48,2026-09-03T20:09:27.297Z,42,da-stable,0.515591,36.50,0.825013,0.559352,35.50,0.842582,0.604504,36.00,0.853333,0.604238,36.00,0.853333,6,641,641

moderate-4to1,200,50,0,inf,100,49,2026-09-03T20:09:27.368Z,38,da-stable,0.515591,36.50,0.825013,0.559352,35.50,0.842582,0.604504,36.00,0.853333,0.604238,36.00,0.853333,6,641,641

moderate-4to1,200,50,0,inf,100,50,2026-09-03T20:09:27.439Z,35,da-stable,0.515591,36.50,0.825013,0.559352,35.50,0.842582,0.604504,36.00,0.853333,0.604238,36.00,0.853333,5,641,641

moderate-4to1,200,50,0,inf,100,51,2026-09-03T20:09:27.503Z,40,da-stable,0.515591,36.50,0.825013,0.559352,35.50,0.842582,0.604504,36.00,0.853333,0.604238,36.00,0.853333,5,641,641

moderate-4to1,200,50,0,inf,100,52,2026-09-03T20:09:27.574Z,37,da-stable,0.515591,36.50,0.825013,0.559352,35.50,0.842582,0.604504,36.00,0.853333,0.604238,36.00,0.853333,5,641,641

moderate-4to1,200,50,0,inf,100,53,2026-09-03T20:09:27.643Z,40,da-stable,0.515591,36.50,0.825013,0.559352,35.50,0.842582,0.604504,36.00,0.853333,0.604238,36.00,0.853333,6,641,641

moderate-4to1,200,50,0,inf,100,54,2026-09-03T20:09:27.716Z,45,da-stable,0.515591,36.50,0.825013,0.559352,35.50,0.842582,0.604504,36.00,0.853333,0.604238,36.00,0.853333,7,641,641

moderate-4to1,200,50,0,inf,100,55,2026-09-03T20:09:27.802Z,43,da-stable,0.515591,36.50,0.825013,0.559352,35.50,0.842582,0.604504,36.00,0.853333,0.604238,36.00,0.853333,6,641,641

moderate-4to1,200,50,0,inf,100,56,2026-09-03T20:09:27.875Z,36,da-stable,0.515591,36.50,0.825013,0.559352,35.50,0.842582,0.604504,36.00,0.853333,0.604238,36.00,0.853333,5,641,641

moderate-4to1,200,50,0,inf,100,57,2026-09-03T20:09:27.940Z,38,da-stable,0.515591,36.50,0.825013,0.559352,35.50,0.842582,0.604504,36.00,0.853333,0.604238,36.00,0.853333,6,641,641

moderate-4to1,200,50,0,inf,100,58,2026-09-03T20:09:28.017Z,36,da-stable,0.515591,36.50,0.825013,0.559352,35.50,0.842582,0.604504,36.00,0.853333,0.604238,36.00,0.853333,6,641,641

moderate-4to1,200,50,0,inf,100,59,2026-09-03T20:09:28.097Z,36,da-stable,0.515591,36.50,0.825013,0.559352,35.50,0.842582,0.604504,36.00,0.853333,0.604238,36.00,0.853333,6,641,641

moderate-4to1,200,50,0,inf,100,60,2026-09-03T20:09:28.163Z,36,da-stable,0.515591,36.50,0.825013,0.559352,35.50,0.842582,0.604504,36.00,0.853333,0.604238,36.00,0.853333,6,641,641

moderate-4to1,200,50,0,inf,100,61,2026-09-03T20:09:28.230Z,47,da-stable,0.515591,36.50,0.825013,0.559352,35.50,0.842582,0.604504,36.00,0.853333,0.604238,36.00,0.853333,11,641,641

moderate-4to1,200,50,0,inf,100,62,2026-09-03T20:09:28.321Z,46,da-stable,0.515591,36.50,0.825013,0.559352,35.50,0.842582,0.604504,36.00,0.853333,0.604238,36.00,0.853333,7,641,641

moderate-4to1,200,50,0,inf,100,63,2026-09-03T20:09:28.399Z,39,da-stable,0.515591,36.50,0.825013,0.559352,35.50,0.842582,0.604504,36.00,0.853333,0.604238,36.00,0.853333,6,641,641

moderate-4to1,200,50,0,inf,100,64,2026-09-03T20:09:28.470Z,39,da-stable,0.515591,36.50,0.825013,0.559352,35.50,0.842582,0.604504,36.00,0.853333,0.604238,36.00,0.853333,6,641,641

moderate-4to1,200,50,0,inf,100,65,2026-09-03T20:09:28.539Z,37,da-stable,0.515591,36.50,0.825013,0.559352,35.50,0.842582,0.604504,36.00,0.853333,0.604238,36.00,0.853333,5,641,641

moderate-4to1,200,50,0,inf,100,66,2026-09-03T20:09:28.606Z,36,da-stable,0.515591,36.50,0.825013,0.559352,35.50,0.842582,0.604504,36.00,0.853333,0.604238,36.00,0.853333,5,641,641

moderate-4to1,200,50,0,inf,100,67,2026-09-03T20:09:28.675Z,37,da-stable,0.515591,36.50,0.825013,0.559352,35.50,0.842582,0.604504,36.00,0.853333,0.604238,36.00,0.853333,6,641,641

moderate-4to1,200,50,0,inf,100,68,2026-09-03T20:09:28.742Z,50,da-stable,0.515591,36.50,0.825013,0.559352,35.50,0.842582,0.604504,36.00,0.853333,0.604238,36.00,0.853333,7,641,641

moderate-4to1,200,50,0,inf,100,69,2026-09-03T20:09:28.840Z,43,da-stable,0.515591,36.50,0.825013,0.559352,35.50,0.842582,0.604504,36.00,0.853333,0.604238,36.00,0.853333,6,641,641

moderate-4to1,200,50,0,inf,100,70,2026-09-03T20:09:28.914Z,38,da-stable,0.515591,36.50,0.825013,0.559352,35.50,0.842582,0.604504,36.00,0.853333,0.604238,36.00,0.853333,5,641,641

moderate-4to1,200,50,0,inf,100,71,2026-09-03T20:09:28.983Z,38,da-stable,0.515591,36.50,0.825013,0.559352,35.50,0.842582,0.604504,36.00,0.853333,0.604238,36.00,0.853333,5,641,641

moderate-4to1,200,50,0,inf,100,72,2026-09-03T20:09:29.051Z,36,da-stable,0.515591,36.50,0.825013,0.559352,35.50,0.842582,0.604504,36.00,0.853333,0.604238,36.00,0.853333,6,641,641

moderate-4to1,200,50,0,inf,100,73,2026-09-03T20:09:29.119Z,38,da-stable,0.515591,36.50,0.825013,0.559352,35.50,0.842582,0.604504,36.00,0.853333,0.604238,36.00,0.853333,6,641,641

moderate-4to1,200,50,0,inf,100,74,2026-09-03T20:09:29.189Z,39,da-stable,0.515591,36.50,0.825013,0.559352,35.50,0.842582,0.604504,36.00,0.853333,0.604238,36.00,0.853333,6,641,641

moderate-4to1,200,50,0,inf,100,75,2026-09-03T20:09:29.273Z,59,da-stable,0.515591,36.50,0.825013,0.559352,35.50,0.842582,0.604504,36.00,0.853333,0.604238,36.00,0.853333,8,641,641

moderate-4to1,200,50,0,inf,100,76,2026-09-03T20:09:29.381Z,36,da-stable,0.515591,36.50,0.825013,0.559352,35.50,0.842582,0.604504,36.00,0.853333,0.604238,36.00,0.853333,6,641,641

moderate-4to1,200,50,0,inf,100,77,2026-09-03T20:09:29.448Z,37,da-stable,0.515591,36.50,0.825013,0.559352,35.50,0.842582,0.604504,36.00,0.853333,0.604238,36.00,0.853333,6,641,641

moderate-4to1,200,50,0,inf,100,78,2026-09-03T20:09:29.519Z,36,da-stable,0.515591,36.50,0.825013,0.559352,35.50,0.842582,0.604504,36.00,0.853333,0.604238,36.00,0.853333,6,641,641

moderate-4to1,200,50,0,inf,100,79,2026-09-03T20:09:29.586Z,35,da-stable,0.515591,36.50,0.825013,0.559352,35.50,0.842582,0.604504,36.00,0.853333,0.604238,36.00,0.853333,6,641,641

moderate-4to1,200,50,0,inf,100,80,2026-09-03T20:09:29.652Z,36,da-stable,0.515591,36.50,0.825013,0.559352,35.50,0.842582,0.604504,36.00,0.853333,0.604238,36.00,0.853333,5,641,641

moderate-4to1,200,50,0,inf,100,81,2026-09-03T20:09:29.720Z,36,da-stable,0.515591,36.50,0.825013,0.559352,35.50,0.842582,0.604504,36.00,0.853333,0.604238,36.00,0.853333,5,641,641

moderate-4to1,200,50,0,inf,100,82,2026-09-03T20:09:29.791Z,52,da-stable,0.515591,36.50,0.825013,0.559352,35.50,0.842582,0.604504,36.00,0.853333,0.604238,36.00,0.853333,6,641,641

moderate-4to1,200,50,0,inf,100,83,2026-09-03T20:09:29.884Z,37,da-stable,0.515591,36.50,0.825013,0.559352,35.50,0.842582,0.604504,36.00,0.853333,0.604238,36.00,0.853333,5,641,641

moderate-4to1,200,50,0,inf,100,84,2026-09-03T20:09:29.952Z,36,da-stable,0.515591,36.50,0.825013,0.559352,35.50,0.842582,0.604504,36.00,0.853333,0.604238,36.00,0.853333,6,641,641

moderate-4to1,200,50,0,inf,100,85,2026-09-03T20:09:30.028Z,38,da-stable,0.515591,36.50,0.825013,0.559352,35.50,0.842582,0.604504,36.00,0.853333,0.604238,36.00,0.853333,5,641,641

moderate-4to1,200,50,0,inf,100,86,2026-09-03T20:09:30.099Z,35,da-stable,0.515591,36.50,0.825013,0.559352,35.50,0.842582,0.604504,36.00,0.853333,0.604238,36.00,0.853333,6,641,641

moderate-4to1,200,50,0,inf,100,87,2026-09-03T20:09:30.168Z,36,da-stable,0.515591,36.50,0.825013,0.559352,35.50,0.842582,0.604504,36.00,0.853333,0.604238,36.00,0.853333,5,641,641

moderate-4to1,200,50,0,inf,100,88,2026-09-03T20:09:30.236Z,35,da-stable,0.515591,36.50,0.825013,0.559352,35.50,0.842582,0.604504,36.00,0.853333,0.604238,36.00,0.853333,5,641,641

moderate-4to1,200,50,0,inf,100,89,2026-09-03T20:09:30.303Z,55,da-stable,0.515591,36.50,0.825013,0.559352,35.50,0.842582,0.604504,36.00,0.853333,0.604238,36.00,0.853333,10,641,641

moderate-4to1,200,50,0,inf,100,90,2026-09-03T20:09:30.404Z,39,da-stable,0.515591,36.50,0.825013,0.559352,35.50,0.842582,0.604504,36.00,0.853333,0.604238,36.00,0.853333,6,641,641

moderate-4to1,200,50,0,inf,100,91,2026-09-03T20:09:30.476Z,39,da-stable,0.515591,36.50,0.825013,0.559352,35.50,0.842582,0.604504,36.00,0.853333,0.604238,36.00,0.853333,5,641,641

moderate-4to1,200,50,0,inf,100,92,2026-09-03T20:09:30.545Z,38,da-stable,0.515591,36.50,0.825013,0.559352,35.50,0.842582,0.604504,36.00,0.853333,0.604238,36.00,0.853333,5,641,641

moderate-4to1,200,50,0,inf,100,93,2026-09-03T20:09:30.612Z,42,da-stable,0.515591,36.50,0.825013,0.559352,35.50,0.842582,0.604504,36.00,0.853333,0.604238,36.00,0.853333,6,641,641

moderate-4to1,200,50,0,inf,100,94,2026-09-03T20:09:30.684Z,34,da-stable,0.515591,36.50,0.825013,0.559352,35.50,0.842582,0.604504,36.00,0.853333,0.604238,36.00,0.853333,5,641,641

moderate-4to1,200,50,0,inf,100,95,2026-09-03T20:09:30.751Z,36,da-stable,0.515591,36.50,0.825013,0.559352,35.50,0.842582,0.604504,36.00,0.853333,0.604238,36.00,0.853333,7,641,641

moderate-4to1,200,50,0,inf,100,96,2026-09-03T20:09:30.833Z,44,da-stable,0.515591,36.50,0.825013,0.559352,35.50,0.842582,0.604504,36.00,0.853333,0.604238,36.00,0.853333,7,641,641

moderate-4to1,200,50,0,inf,100,97,2026-09-03T20:09:30.912Z,38,da-stable,0.515591,36.50,0.825013,0.559352,35.50,0.842582,0.604504,36.00,0.853333,0.604238,36.00,0.853333,6,641,641

moderate-4to1,200,50,0,inf,100,98,2026-09-03T20:09:30.982Z,42,da-stable,0.515591,36.50,0.825013,0.559352,35.50,0.842582,0.604504,36.00,0.853333,0.604238,36.00,0.853333,6,641,641

moderate-4to1,200,50,0,inf,100,99,2026-09-03T20:09:31.057Z,40,da-stable,0.515591,36.50,0.825013,0.559352,35.50,0.842582,0.604504,36.00,0.853333,0.604238,36.00,0.853333,5,641,641

moderate-4to1,200,50,0,inf,100,100,2026-09-03T20:09:31.127Z,36,da-stable,0.515591,36.50,0.825013,0.559352,35.50,0.842582,0.604504,36.00,0.853333,0.604238,36.00,0.853333,5,641,641
