scenario,students,tutors,loadFactorWeight,topK,runs,run,startedAt,durationMs,winner,fcfs-filter.averageScore,fcfs-filter.unassignedPercent,fcfs-filter.jainFairnessIndex,fcfs-best.averageScore,fcfs-best.unassignedPercent,fcfs-best.jainFairnessIndex,da-stable.averageScore,da-stable.unassignedPercent,da-stable.jainFairnessIndex,greedy-engine.averageScore,greedy-engine.unassignedPercent,greedy-engine.jainFairnessIndex,greedyMs,pairsScored,peakHeapEntries
moderate-1.5to1,150,100,0.05,inf,100,1,2026-09-03T19:40:13.892Z,73,greedy-engine,0.527049,4.00,0.515821,0.611996,6.67,0.644737,0.618647,7.33,0.605674,0.619380,7.33,0.633475,14,1062,1062
moderate-1.5to1,150,100,0.05,inf,100,2,2026-09-03T19:40:14.040Z,68,greedy-engine,0.527049,4.00,0.515821,0.611996,6.67,0.644737,0.618647,7.33,0.605674,0.619380,7.33,0.633475,8,1062,1062
moderate-1.5to1,150,100,0.05,inf,100,3,2026-09-03T19:40:14.141Z,68,greedy-engine,0.527049,4.00,0.515821,0.611996,6.67,0.644737,0.618647,7.33,0.605674,0.619380,7.33,0.633475,8,1062,1062
moderate-1.5to1,150,100,0.05,inf,100,4,2026-09-03T19:40:14.246Z,81,greedy-engine,0.527049,4.00,0.515821,0.611996,6.67,0.644737,0.618647,7.33,0.605674,0.619380,7.33,0.633475,14,1062,1062
moderate-1.5to1,150,100,0.05,inf,100,5,2026-09-03T19:40:14.367Z,66,greedy-engine,0.527049,4.00,0.515821,0.611996,6.67,0.644737,0.618647,7.33,0.605674,0.619380,7.33,0.633475,8,1062,1062
moderate-1.5to1,150,100,0.05,inf,100,6,2026-09-03T19:40:14.469Z,67,greedy-engine,0.527049,4.00,0.515821,0.611996,6.67,0.644737,0.618647,7.33,0.605674,0.619380,7.33,0.633475,8,1062,1062
moderate-1.5to1,150,100,0.05,inf,100,7,2026-09-03T19:40:14.569Z,67,greedy-engine,0.527049,4.00,0.515821,0.611996,6.67,0.644737,0.618647,7.33,0.605674,0.619380,7.33,0.633475,8,1062,1062
moderate-1.5to1,150,100,0.05,inf,100,8,2026-09-03T19:40:14.671Z,64,greedy-engine,0.527049,4.00,0.515821,0.611996,6.67,0.644737,0.618647,7.33,0.605674,0.619380,7.33,0.633475,13,1062,1062
moderate-1.5to1,150,100,0.05,inf,100,9,2026-09-03T19:40:14.784Z,73,greedy-engine,0.527049,4.00,0.515821,0.611996,6.67,0.644737,0.618647,7.33,0.605674,0.619380,7.33,0.633475,9,1062,1062
moderate-1.5to1,150,100,0.05,inf,100,10,2026-09-03T19:40:14.893Z,63,greedy-engine,0.527049,4.00,0.515821,0.611996,6.67,0.644737,0.618647,7.33,0.605674,0.619380,7.33,0.633475,8,1062,1062
moderate-1.5to1,150,100,0.05,inf,100,11,2026-09-03T19:40:14.990Z,74,greedy-engine,0.527049,4.00,0.515821,0.611996,6.67,0.644737,0.618647,7.33,0.605674,0.619380,7.33,0.633475,7,1062,1062
moderate-1.5to1,150,100,0.05,inf,100,12,2026-09-03T19:40:15.096Z,64,greedy-engine,0.527049,4.00,0.515821,0.611996,6.67,0.644737,0.618647,7.33,0.605674,0.619380,7.33,0.633475,8,1062,1062
moderate-1.5to1,150,100,0.05,inf,100,13,2026-09-03T19:40:15.194Z,81,greedy-engine,0.527049,4.00,0.515821,0.611996,6.67,0.644737,0.618647,7.33,0.605674,0.619380,7.33,0.633475,16,1062,1062
moderate-1.5to1,150,100,0.05,inf,100,14,2026-09-03T19:40:15.336Z,78,greedy-engine,0.527049,4.00,0.515821,0.611996,6.67,0.644737,0.618647,7.33,0.605674,0.619380,7.33,0.633475,12,1062,1062
moderate-1.5to1,150,100,0.05,inf,100,15,2026-09-03T19:40:15.463Z,75,greedy-engine,0.527049,4.00,0.515821,0.611996,6.67,0.644737,0.618647,7.33,0.605674,0.619380,7.33,0.633475,10,1062,1062
moderate-1.5to1,150,100,0.05,inf,100,16,2026-09-03T19:40:15.582Z,68,greedy-engine,0.527049,4.00,0.515821,0.611996,6.67,0.644737,0.618647,7.33,0.605674,0.619380,7.33,0.633475,8,1062,1062
moderate-1.5to1,150,100,0.05,inf,100,17,2026-09-03T19:40:15.691Z,76,greedy-engine,0.527049,4.00,0.515821,0.611996,6.67,0.644737,0.618647,7.33,0.605674,0.619380,7.33,0.633475,15,1062,1062
moderate-1.5to1,150,100,0.05,inf,100,18,2026-09-03T19:40:15.830Z,109,greedy-engine,0.527049,4.00,0.515821,0.611996,6.67,0.644737,0.618647,7.33,0.605674,0.619380,7.33,0.633475,14,1062,1062
moderate-1.5to1,150,100,0.05,inf,100,19,2026-09-03T19:40:16.004Z,106,greedy-engine,0.527049,4.00,0.515821,0.611996,6.67,0.644737,0.618647,7.33,0.605674,0.619380,7.33,0.633475,8,1062,1062
moderate-1.5to1,150,100,0.05,inf,100,20,2026-09-03T19:40:16.159Z,107,greedy-engine,0.527049,4.00,0.515821,0.611996,6.67,0.644737,0.618647,7.33,0.605674,0.619380,7.33,0.633475,15,1062,1062
moderate-1.5to1,150,100,0.05,inf,100,21,2026-09-03T19:40:16.328Z,117,greedy-engine,0.527049,4.00,0.515821,0.611996,6.67,0.644737,0.618647,7.33,0.605674,0.619380,7.33,0.633475,8,1062,1062
moderate-1.5to1,150,100,0.05,inf,100,22,2026-09-03T19:40:16.491Z,94,greedy-engine,0.527049,4.00,0.515821,0.611996,6.67,0.644737,0.618647,7.33,0.605674,0.619380,7.33,0.633475,9,1062,1062
moderate-1.5to1,150,100,0.05,inf,100,23,2026-09-03T19:40:16.628Z,86,greedy-engine,0.527049,4.00,0.515821,0.611996,6.67,0.644737,0.618647,7.33,0.605674,0.619380,7.33,0.633475,8,1062,1062
moderate-1.5to1,150,100,0.05,inf,100,24,2026-09-03T19:40:16.757Z,117,greedy-engine,0.527049,4.00,0.515821,0.611996,6.67,0.644737,0.618647,7.33,0.605674,0.619380,7.33,0.633475,15,1062,1062
moderate-1.5to1,150,100,0.05,inf,100,25,2026-09-03T19:40:16.922Z,100,greedy-engine,0.527049,4.00,0.515821,0.611996,6.67,0.644737,0.618647,7.33,0.605674,0.619380,7.33,0.633475,9,1062,1062
moderate-1.5to1,150,100,0.05,inf,100,26,2026-09-03T19:40:17.060Z,81,greedy-engine,0.527049,4.00,0.515821,0.611996,6.67,0.644737,0.618647,7.33,0.605674,0.619380,7.33,0.633475,8,1062,1062
moderate-1.5to1,150,100,0.05,inf,100,27,2026-09-03T19:40:17.175Z,100,greedy-engine,0.527049,4.00,0.515821,0.611996,6.67,0.644737,0.618647,7.33,0.605674,0.619380,7.33,0.633475,17,1062,1062
moderate-1.5to1,150,100,0.05,inf,100,28,2026-09-03T19:40:17.340Z,97,greedy-engine,0.527049,4.00,0.515821,0.611996,6.67,0.644737,0.618647,7.33,0.605674,0.619380,7.33,0.633475,8,1062,1062
moderate-1.5to1,150,100,0.05,inf,100,29,2026-09-03T19:40:17.484Z,83,greedy-engine,0.527049,4.00,0.515821,0.611996,6.67,0.644737,0.618647,7.33,0.605674,0.619380,7.33,0.633475,8,1062,1062
moderate-1.5to1,150,100,0.05,inf,100,30,2026-09-03T19:40:17.600Z,65,greedy-engine,0.527049,4.00,0.515821,0.611996,6.67,0.644737,0.618647,7.33,0.605674,0.619380,7.33,0.633475,8,1062,1062
moderate-1.5to1,150,100,0.05,inf,100,31,2026-09-03T19:40:17.698Z,68,greedy-engine,0.527049,4.00,0.515821,0.611996,6.67,0.644737,0.618647,7.33,0.605674,0.619380,7.33,0.633475,12,1062,1062
moderate-1.5to1,150,100,0.05,inf,100,32,2026-09-03T19:40:17.814Z,93,greedy-engine,0.527049,4.00,0.515821,0.611996,6.67,0.644737,0.618647,7.33,0.605674,0.619380,7.33,0.633475,10,1062,1062
moderate-1.5to1,150,100,0.05,inf,100,33,2026-09-03T19:40:17.945Z,77,greedy-engine,0.527049,4.00,0.515821,0.611996,6.67,0.644737,0.618647,7.33,0.605674,0.619380,7.33,0.633475,9,1062,1062
moderate-1.5to1,150,100,0.05,inf,100,34,2026-09-03T19:40:18.057Z,70,greedy-engine,0.527049,4.00,0.515821,0.611996,6.67,0.644737,0.618647,7.33,0.605674,0.619380,7.33,0.633475,10,1062,1062
moderate-1.5to1,150,100,0.05,inf,100,35,2026-09-03T19:40:18.167Z,75,greedy-engine,0.527049,4.00,0.515821,0.611996,6.67,0.644737,0.618647,7.33,0.605674,0.619380,7.33,0.633475,9,1062,1062
moderate-1.5to1,150,100,0.05,inf,100,36,2026-09-03T19:40:18.279Z,100,greedy-engine,0.527049,4.00,0.515821,0.611996,6.67,0.644737,0.618647,7.33,0.605674,0.619380,7.33,0.633475,19,1062,1062
moderate-1.5to1,150,100,0.05,inf,100,37,2026-09-03T19:40:18.443Z,72,greedy-engine,0.527049,4.00,0.515821,0.611996,6.67,0.644737,0.618647,7.33,0.605674,0.619380,7.33,0.633475,8,1062,1062
moderate-1.5to1,150,100,0.05,inf,100,38,2026-09-03T19:40:18.551Z,78,greedy-engine,0.527049,4.00,0.515821,0.611996,6.67,0.644737,0.618647,7.33,0.605674,0.619380,7.33,0.633475,9,1062,1062
moderate-1.5to1,150,100,0.05,inf,100,39,2026-09-03T19:40:18.663Z,72,greedy-engine,0.527049,4.00,0.515821,0.611996,6.67,0.644737,0.618647,7.33,0.605674,0.619380,7.33,0.633475,9,1062,1062
moderate-1.5to1,150,100,0.05,inf,100,40,2026-09-03T19:40:18.771Z,93,greedy-engine,0.527049,4.00,0.515821,0.611996,6.67,0.644737,0.618647,7.33,0.605674,0.619380,7.33,0.633475,11,1062,1062
moderate-1.5to1,150,100,0.05,inf,100,41,2026-09-03T19:40:18.911Z,69,greedy-engine,0.527049,4.00,0.515821,0.611996,6.67,0.644737,0.618647,7.33,0.605674,0.619380,7.33,0.633475,8,1062,1062
moderate-1.5to1,150,100,0.05,inf,100,42,2026-09-03T19:40:19.018Z,65,greedy-engine,0.527049,4.00,0.515821,0.611996,6.67,0.644737,0.618647,7.33,0.605674,0.619380,7.33,0.633475,9,1062,1062
moderate-1.5to1,150,100,0.05,inf,100,43,2026-09-03T19:40:19.118Z,64,greedy-engine,0.527049,4.00,0.515821,0.611996,6.67,0.644737,0.618647,7.33,0.605674,0.619380,7.33,0.633475,8,1062,1062
moderate-1.5to1,150,100,0.05,inf,100,44,2026-09-03T19:40:19.218Z,69,greedy-engine,0.527049,4.00,0.515821,0.611996,6.67,0.644737,0.618647,7.33,0.605674,0.619380,7.33,0.633475,14,1062,1062
moderate-1.5to1,150,100,0.05,inf,100,45,2026-09-03T19:40:19.339Z,96,greedy-engine,0.527049,4.00,0.515821,0.611996,6.67,0.644737,0.618647,7.33,0.605674,0.619380,7.33,0.633475,9,1062,1062
moderate-1.5to1,150,100,0.05,inf,100,46,2026-09-03T19:40:19.471Z,71,greedy-engine,0.527049,4.00,0.515821,0.611996,6.67,0.644737,0.618647,7.33,0.605674,0.619380,7.33,0.633475,9,1062,1062
moderate-1.5to1,150,100,0.05,inf,100,47,2026-09-03T19:40:19.578Z,68,greedy-engine,0.527049,4.00,0.515821,0.611996,6.67,0.644737,0.618647,7.33,0.605674,0.619380,7.33,0.633475,8,1062,1062
moderate-1.5to1,150,100,0.05,inf,100,48,2026-09-03T19:40:19.680Z,68,greedy-engine,0.527049,4.00,0.515821,0.611996,6.67,0.644737,0.618647,7.33,0.605674,0.619380,7.33,0.633475,9,1062,1062
moderate-1.5to1,150,100,0.05,inf,100,49,2026-09-03T19:40:19.783Z,91,greedy-engine,0.527049,4.00,0.515821,0.611996,6.67,0.644737,0.618647,7.33,0.605674,0.619380,7.33,0.633475,9,1062,1062
moderate-1.5to1,150,100,0.05,inf,100,50,2026-09-03T19:40:19.915Z,65,greedy-engine,0.527049,4.00,0.515821,0.611996,6.67,0.644737,0.618647,7.33,0.605674,0.619380,7.33,0.633475,8,1062,1062
moderate-1.5to1,150,100,0.05,inf,100,51,2026-09-03T19:40:20.021Z,69,greedy-engine,0.527049,4.00,0.515821,0.611996,6.67,0.644737,0.618647,7.33,0.605674,0.619380,7.33,0.633475,9,1062,1062
moderate-1.5to1,150,100,0.05,inf,100,52,2026-09-03T19:40:20.125Z,73,greedy-engine,0.527049,4.00,0.515821,0.611996,6.67,0.644737,0.618647,7.33,0.605674,0.619380,7.33,0.633475,9,1062,1062
moderate-1.5to1,150,100,0.05,inf,100,53,2026-09-03T19:40:20.237Z,72,greedy-engine,0.527049,4.00,0.515821,0.611996,6.67,0.644737,0.618647,7.33,0.605674,0.619380,7.33,0.633475,14,1062,1062
moderate-1.5to1,150,100,0.05,inf,100,54,2026-09-03T19:40:20.366Z,90,greedy-engine,0.527049,4.00,0.515821,0.611996,6.67,0.644737,0.618647,7.33,0.605674,0.619380,7.33,0.633475,11,1062,1062
moderate-1.5to1,150,100,0.05,inf,100,55,2026-09-03T19:40:20.492Z,67,greedy-engine,0.527049,4.00,0.515821,0.611996,6.67,0.644737,0.618647,7.33,0.605674,0.619380,7.33,0.633475,9,1062,1062
moderate-1.5to1,150,100,0.05,inf,100,56,2026-09-03T19:40:20.604Z,87,greedy-engine,0.527049,4.00,0.515821,0.611996,6.67,0.644737,0.618647,7.33,0.605674,0.619380,7.33,0.633475,10,1062,1062
moderate-1.5to1,150,100,0.05,inf,100,57,2026-09-03T19:40:20.729Z,81,greedy-engine,0.527049,4.00,0.515821,0.611996,6.67,0.644737,0.618647,7.33,0.605674,0.619380,7.33,0.633475,14,1062,1062
moderate-1.5to1,150,100,0.05,inf,100,58,2026-09-03T19:40:20.861Z,81,greedy-engine,0.527049,4.00,0.515821,0.611996,6.67,0.644737,0.618647,7.33,0.605674,0.619380,7.33,0.633475,8,1062,1062
moderate-1.5to1,150,100,0.05,inf,100,59,2026-09-03T19:40:20.977Z,73,greedy-engine,0.527049,4.00,0.515821,0.611996,6.67,0.644737,0.618647,7.33,0.605674,0.619380,7.33,0.633475,9,1062,1062
moderate-1.5to1,150,100,0.05,inf,100,60,2026-09-03T19:40:21.084Z,70,greedy-engine,0.527049,4.00,0.515821,0.611996,6.67,0.644737,0.618647,7.33,0.605674,0.619380,7.33,0.633475,8,1062,1062
moderate-1.5to1,150,100,0.05,inf,100,61,2026-09-03T19:40:21.187Z,64,greedy-engine,0.527049,4.00,0.515821,0.611996,6.67,0.644737,0.618647,7.33,0.605674,0.619380,7.33,0.633475,8,1062,1062
moderate-1.5to1,150,100,0.05,inf,100,62,2026-09-03T19:40:21.284Z,87,greedy-engine,0.527049,4.00,0.515821,0.611996,6.67,0.644737,0.618647,7.33,0.605674,0.619380,7.33,0.633475,10,1062,1062
moderate-1.5to1,150,100,0.05,inf,100,63,2026-09-03T19:40:21.416Z,76,greedy-engine,0.527049,4.00,0.515821,0.611996,6.67,0.644737,0.618647,7.33,0.605674,0.619380,7.33,0.633475,9,1062,1062
moderate-1.5to1,150,100,0.05,inf,100,64,2026-09-03T19:40:21.529Z,67,greedy-engine,0.527049,4.00,0.515821,0.611996,6.67,0.644737,0.618647,7.33,0.605674,0.619380,7.33,0.633475,28,1062,1062
moderate-1.5to1,150,100,0.05,inf,100,65,2026-09-03T19:40:21.698Z,88,greedy-engine,0.527049,4.00,0.515821,0.611996,6.67,0.644737,0.618647,7.33,0.605674,0.619380,7.33,0.633475,13,1062,1062
moderate-1.5to1,150,100,0.05,inf,100,66,2026-09-03T19:40:21.846Z,109,greedy-engine,0.527049,4.00,0.515821,0.611996,6.67,0.644737,0.618647,7.33,0.605674,0.619380,7.33,0.633475,9,1062,1062
moderate-1.5to1,150,100,0.05,inf,100,67,2026-09-03T19:40:21.989Z,84,greedy-engine,0.527049,4.00,0.515821,0.611996,6.67,0.644737,0.618647,7.33,0.605674,0.619380,7.33,0.633475,8,1062,1062
moderate-1.5to1,150,100,0.05,inf,100,68,2026-09-03T19:40:22.109Z,71,greedy-engine,0.527049,4.00,0.515821,0.611996,6.67,0.644737,0.618647,7.33,0.605674,0.619380,7.33,0.633475,9,1062,1062
moderate-1.5to1,150,100,0.05,inf,100,69,2026-09-03T19:40:22.217Z,71,greedy-engine,0.527049,4.00,0.515821,0.611996,6.67,0.644737,0.618647,7.33,0.605674,0.619380,7.33,0.633475,17,1062,1062
moderate-1.5to1,150,100,0.05,inf,100,70,2026-09-03T19:40:22.352Z,129,greedy-engine,0.527049,4.00,0.515821,0.611996,6.67,0.644737,0.618647,7.33,0.605674,0.619380,7.33,0.633475,13,1062,1062
moderate-1.5to1,150,100,0.05,inf,100,71,2026-09-03T19:40:22.528Z,67,greedy-engine,0.527049,4.00,0.515821,0.611996,6.67,0.644737,0.618647,7.33,0.605674,0.619380,7.33,0.633475,9,1062,1062
moderate-1.5to1,150,100,0.05,inf,100,72,2026-09-03T19:40:22.631Z,75,greedy-engine,0.527049,4.00,0.515821,0.611996,6.67,0.644737,0.618647,7.33,0.605674,0.619380,7.33,0.633475,11,1062,1062
moderate-1.5to1,150,100,0.05,inf,100,73,2026-09-03T19:40:22.745Z,92,greedy-engine,0.527049,4.00,0.515821,0.611996,6.67,0.644737,0.618647,7.33,0.605674,0.619380,7.33,0.633475,18,1062,1062
moderate-1.5to1,150,100,0.05,inf,100,74,2026-09-03T19:40:22.900Z,94,greedy-engine,0.527049,4.00,0.515821,0.611996,6.67,0.644737,0.618647,7.33,0.605674,0.619380,7.33,0.633475,13,1062,1062
moderate-1.5to1,150,100,0.05,inf,100,75,2026-09-03T19:40:23.032Z,64,greedy-engine,0.527049,4.00,0.515821,0.611996,6.67,0.644737,0.618647,7.33,0.605674,0.619380,7.33,0.633475,10,1062,1062
moderate-1.5to1,150,100,0.05,inf,100,76,2026-09-03T19:40:23.132Z,74,greedy-engine,0.527049,4.00,0.515821,0.611996,6.67,0.644737,0.618647,7.33,0.605674,0.619380,7.33,0.633475,10,1062,1062
moderate-1.5to1,150,100,0.05,inf,100,77,2026-09-03T19:40:23.247Z,76,greedy-engine,0.527049,4.00,0.515821,0.611996,6.67,0.644737,0.618647,7.33,0.605674,0.619380,7.33,0.633475,20,1062,1062
moderate-1.5to1,150,100,0.05,inf,100,78,2026-09-03T19:40:23.380Z,83,greedy-engine,0.527049,4.00,0.515821,0.611996,6.67,0.644737,0.618647,7.33,0.605674,0.619380,7.33,0.633475,8,1062,1062
moderate-1.5to1,150,100,0.05,inf,100,79,2026-09-03T19:40:23.496Z,64,greedy-engine,0.527049,4.00,0.515821,0.611996,6.67,0.644737,0.618647,7.33,0.605674,0.619380,7.33,0.633475,8,1062,1062
moderate-1.5to1,150,100,0.05,inf,100,80,2026-09-03T19:40:23.593Z,66,greedy-engine,0.527049,4.00,0.515821,0.611996,6.67,0.644737,0.618647,7.33,0.605674,0.619380,7.33,0.633475,8,1062,1062
moderate-1.5to1,150,100,0.05,inf,100,81,2026-09-03T19:40:23.691Z,70,greedy-engine,0.527049,4.00,0.515821,0.611996,6.67,0.644737,0.618647,7.33,0.605674,0.619380,7.33,0.633475,8,1062,1062
moderate-1.5to1,150,100,0.05,inf,100,82,2026-09-03T19:40:23.795Z,81,greedy-engine,0.527049,4.00,0.515821,0.611996,6.67,0.644737,0.618647,7.33,0.605674,0.619380,7.33,0.633475,11,1062,1062
moderate-1.5to1,150,100,0.05,inf,100,83,2026-09-03T19:40:23.925Z,71,greedy-engine,0.527049,4.00,0.515821,0.611996,6.67,0.644737,0.618647,7.33,0.605674,0.619380,7.33,0.633475,12,1062,1062
moderate-1.5to1,150,100,0.05,inf,100,84,2026-09-03T19:40:24.034Z,64,greedy-engine,0.527049,4.00,0.515821,0.611996,6.67,0.644737,0.618647,7.33,0.605674,0.619380,7.33,0.633475,10,1062,1062
moderate-1.5to1,150,100,0.05,inf,100,85,2026-09-03T19:40:24.132Z,63,greedy-engine,0.527049,4.00,0.515821,0.611996,6.67,0.644737,0.618647,7.33,0.605674,0.619380,7.33,0.633475,9,1062,1062
moderate-1.5to1,150,100,0.05,inf,100,86,2026-09-03T19:40:24.230Z,71,greedy-engine,0.527049,4.00,0.515821,0.611996,6.67,0.644737,0.618647,7.33,0.605674,0.619380,7.33,0.633475,10,1062,1062
moderate-1.5to1,150,100,0.05,inf,100,87,2026-09-03T19:40:24.340Z,107,greedy-engine,0.527049,4.00,0.515821,0.611996,6.67,0.644737,0.618647,7.33,0.605674,0.619380,7.33,0.633475,13,1062,1062
moderate-1.5to1,150,100,0.05,inf,100,88,2026-09-03T19:40:24.494Z,67,greedy-engine,0.527049,4.00,0.515821,0.611996,6.67,0.644737,0.618647,7.33,0.605674,0.619380,7.33,0.633475,8,1062,1062
moderate-1.5to1,150,100,0.05,inf,100,89,2026-09-03T19:40:24.594Z,68,greedy-engine,0.527049,4.00,0.515821,0.611996,6.67,0.644737,0.618647,7.33,0.605674,0.619380,7.33,0.633475,8,1062,1062
moderate-1.5to1,150,100,0.05,inf,100,90,2026-09-03T19:40:24.694Z,65,greedy-engine,0.527049,4.00,0.515821,0.611996,6.67,0.644737,0.618647,7.33,0.605674,0.619380,7.33,0.633475,8,1062,1062
moderate-1.5to1,150,100,0.05,inf,100,91,2026-09-03T19:40:24.795Z,74,greedy-engine,0.527049,4.00,0.515821,0.611996,6.67,0.644737,0.618647,7.33,0.605674,0.619380,7.33,0.633475,13,1062,1062
moderate-1.5to1,150,100,0.05,inf,100,92,2026-09-03T19:40:24.919Z,94,greedy-engine,0.527049,4.00,0.515821,0.611996,6.67,0.644737,0.618647,7.33,0.605674,0.619380,7.33,0.633475,12,1062,1062
moderate-1.5to1,150,100,0.05,inf,100,93,2026-09-03T19:40:25.062Z,69,greedy-engine,0.527049,4.00,0.515821,0.611996,6.67,0.644737,0.618647,7.33,0.605674,0.619380,7.33,0.633475,8,1062,1062
moderate-1.5to1,150,100,0.05,inf,100,94,2026-09-03T19:40:25.167Z,70,greedy-engine,0.527049,4.00,0.515821,0.611996,6.67,0.644737,0.618647,7.33,0.605674,0.619380,7.33,0.633475,11,1062,1062
moderate-1.5to1,150,100,0.05,inf,100,95,2026-09-03T19:40:25.271Z,65,greedy-engine,0.527049,4.00,0.515821,0.611996,6.67,0.644737,0.618647,7.33,0.605674,0.619380,7.33,0.633475,13,1062,1062
moderate-1.5to1,150,100,0.05,inf,100,96,2026-09-03T19:40:25.384Z,91,greedy-engine,0.527049,4.00,0.515821,0.611996,6.67,0.644737,0.618647,7.33,0.605674,0.619380,7.33,0.633475,12,1062,1062
moderate-1.5to1,150,100,0.05,inf,100,97,2026-09-03T19:40:25.513Z,65,greedy-engine,0.527049,4.00,0.515821,0.611996,6.67,0.644737,0.618647,7.33,0.605674,0.619380,7.33,0.633475,10,1062,1062
moderate-1.5to1,150,100,0.05,inf,100,98,2026-09-03T19:40:25.616Z,153,greedy-engine,0.527049,4.00,0.515821,0.611996,6.67,0.644737,0.618647,7.33,0.605674,0.619380,7.33,0.633475,16,1062,1062
moderate-1.5to1,150,100,0.05,inf,100,99,2026-09-03T19:40:25.878Z,98,greedy-engine,0.527049,4.00,0.515821,0.611996,6.67,0.644737,0.618647,7.33,0.605674,0.619380,7.33,0.633475,15,1062,1062
moderate-1.5to1,150,100,0.05,inf,100,100,2026-09-03T19:40:26.020Z,72,greedy-engine,0.527049,4.00,0.515821,0.611996,6.67,0.644737,0.618647,7.33,0.605674,0.619380,7.33,0.633475,9,1062,1062
moderate-1.5to1,150,100,0,inf,100,1,2026-09-03T19:40:26.126Z,65,da-stable,0.518375,4.00,0.515821,0.603427,6.67,0.616352,0.610840,7.33,0.605674,0.610611,7.33,0.594492,8,1062,1062
moderate-1.5to1,150,100,0,inf,100,2,2026-09-03T19:40:26.223Z,68,da-stable,0.518375,4.00,0.515821,0.603427,6.67,0.616352,0.610840,7.33,0.605674,0.610611,7.33,0.594492,9,1062,1062
moderate-1.5to1,150,100,0,inf,100,3,2026-09-03T19:40:26.327Z,95,da-stable,0.518375,4.00,0.515821,0.603427,6.67,0.616352,0.610840,7.33,0.605674,0.610611,7.33,0.594492,10,1062,1062
moderate-1.5to1,150,100,0,inf,100,4,2026-09-03T19:40:26.464Z,76,da-stable,0.518375,4.00,0.515821,0.603427,6.67,0.616352,0.610840,7.33,0.605674,0.610611,7.33,0.594492,13,1062,1062
moderate-1.5to1,150,100,0,inf,100,5,2026-09-03T19:40:26.610Z,148,da-stable,0.518375,4.00,0.515821,0.603427,6.67,0.616352,0.610840,7.33,0.605674,0.610611,7.33,0.594492,8,1062,1062
moderate-1.5to1,150,100,0,inf,100,6,2026-09-03T19:40:26.792Z,71,da-stable,0.518375,4.00,0.515821,0.603427,6.67,0.616352,0.610840,7.33,0.605674,0.610611,7.33,0.594492,9,1062,1062
moderate-1.5to1,150,100,0,inf,100,7,2026-09-03T19:40:26.906Z,86,da-stable,0.518375,4.00,0.515821,0.603427,6.67,0.616352,0.610840,7.33,0.605674,0.610611,7.33,0.594492,8,1062,1062
moderate-1.5to1,150,100,0,inf,100,8,2026-09-03T19:40:27.025Z,66,da-stable,0.518375,4.00,0.515821,0.603427,6.67,0.616352,0.610840,7.33,0.605674,0.610611,7.33,0.594492,8,1062,1062
moderate-1.5to1,150,100,0,inf,100,9,2026-09-03T19:40:27.125Z,66,da-stable,0.518375,4.00,0.515821,0.603427,6.67,0.616352,0.610840,7.33,0.605674,0.610611,7.33,0.594492,11,1062,1062
moderate-1.5to1,150,100,0,inf,100,10,2026-09-03T19:40:27.237Z,64,da-stable,0.518375,4.00,0.515821,0.603427,6.67,0.616352,0.610840,7.33,0.605674,0.610611,7.33,0.594492,7,1062,1062
moderate-1.5to1,150,100,0,inf,100,11,2026-09-03T19:40:27.334Z,83,da-stable,0.518375,4.00,0.515821,0.603427,6.67,0.616352,0.610840,7.33,0.605674,0.610611,7.33,0.594492,17,1062,1062
moderate-1.5to1,150,100,0,inf,100,12,2026-09-03T19:40:27.475Z,72,da-stable,0.518375,4.00,0.515821,0.603427,6.67,0.616352,0.610840,7.33,0.605674,0.610611,7.33,0.594492,9,1062,1062
moderate-1.5to1,150,100,0,inf,100,13,2026-09-03T19:40:27.585Z,69,da-stable,0.518375,4.00,0.515821,0.603427,6.67,0.616352,0.610840,7.33,0.605674,0.610611,7.33,0.594492,9,1062,1062
moderate-1.5to1,150,100,0,inf,100,14,2026-09-03T19:40:27.690Z,63,da-stable,0.518375,4.00,0.515821,0.603427,6.67,0.616352,0.610840,7.33,0.605674,0.610611,7.33,0.594492,8,1062,1062
moderate-1.5to1,150,100,0,inf,100,15,2026-09-03T19:40:27.785Z,69,da-stable,0.518375,4.00,0.515821,0.603427,6.67,0.616352,0.610840,7.33,0.605674,0.610611,7.33,0.594492,7,1062,1062
moderate-1.5to1,150,100,0,inf,100,16,2026-09-03T19:40:27.890Z,98,da-stable,0.518375,4.00,0.515821,0.603427,6.67,0.616352,0.610840,7.33,0.605674,0.610611,7.33,0.594492,8,1062,1062
moderate-1.5to1,150,100,0,inf,100,17,2026-09-03T19:40:28.028Z,63,da-stable,0.518375,4.00,0.515821,0.603427,6.67,0.616352,0.610840,7.33,0.605674,0.610611,7.33,0.594492,8,1062,1062
moderate-1.5to1,150,100,0,inf,100,18,2026-09-03T19:40:28.124Z,62,da-stable,0.518375,4.00,0.515821,0.603427,6.67,0.616352,0.610840,7.33,0.605674,0.610611,7.33,0.594492,7,1062,1062
moderate-1.5to1,150,100,0,inf,100,19,2026-09-03T19:40:28.218Z,67,da-stable,0.518375,4.00,0.515821,0.603427,6.67,0.616352,0.610840,7.33,0.605674,0.610611,7.33,0.594492,9,1062,1062
moderate-1.5to1,150,100,0,inf,100,20,2026-09-03T19:40:28.320Z,77,da-stable,0.518375,4.00,0.515821,0.603427,6.67,0.616352,0.610840,7.33,0.605674,0.610611,7.33,0.594492,12,1062,1062
moderate-1.5to1,150,100,0,inf,100,21,2026-09-03T19:40:28.442Z,88,da-stable,0.518375,4.00,0.515821,0.603427,6.67,0.616352,0.610840,7.33,0.605674,0.610611,7.33,0.594492,8,1062,1062
moderate-1.5to1,150,100,0,inf,100,22,2026-09-03T19:40:28.564Z,64,da-stable,0.518375,4.00,0.515821,0.603427,6.67,0.616352,0.610840,7.33,0.605674,0.610611,7.33,0.594492,10,1062,1062
moderate-1.5to1,150,100,0,inf,100,23,2026-09-03T19:40:28.668Z,65,da-stable,0.518375,4.00,0.515821,0.603427,6.67,0.616352,0.610840,7.33,0.605674,0.610611,7.33,0.594492,8,1062,1062
moderate-1.5to1,150,100,0,inf,100,24,2026-09-03T19:40:28.765Z,62,da-stable,0.518375,4.00,0.515821,0.603427,6.67,0.616352,0.610840,7.33,0.605674,0.610611,7.33,0.594492,7,1062,1062
moderate-1.5to1,150,100,0,inf,100,25,2026-09-03T19:40:28.860Z,84,da-stable,0.518375,4.00,0.515821,0.603427,6.67,0.616352,0.610840,7.33,0.605674,0.610611,7.33,0.594492,10,1062,1062
moderate-1.5to1,150,100,0,inf,100,26,2026-09-03T19:40:28.988Z,86,da-stable,0.518375,4.00,0.515821,0.603427,6.67,0.616352,0.610840,7.33,0.605674,0.610611,7.33,0.594492,10,1062,1062
moderate-1.5to1,150,100,0,inf,100,27,2026-09-03T19:40:29.110Z,62,da-stable,0.518375,4.00,0.515821,0.603427,6.67,0.616352,0.610840,7.33,0.605674,0.610611,7.33,0.594492,7,1062,1062
moderate-1.5to1,150,100,0,inf,100,28,2026-09-03T19:40:29.206Z,63,da-stable,0.518375,4.00,0.515821,0.603427,6.67,0.616352,0.610840,7.33,0.605674,0.610611,7.33,0.594492,8,1062,1062
moderate-1.5to1,150,100,0,inf,100,29,2026-09-03T19:40:29.301Z,67,da-stable,0.518375,4.00,0.515821,0.603427,6.67,0.616352,0.610840,7.33,0.605674,0.610611,7.33,0.594492,13,1062,1062
moderate-1.5to1,150,100,0,inf,100,30,2026-09-03T19:40:29.417Z,114,da-stable,0.518375,4.00,0.515821,0.603427,6.67,0.616352,0.610840,7.33,0.605674,0.610611,7.33,0.594492,16,1062,1062
moderate-1.5to1,150,100,0,inf,100,31,2026-09-03T19:40:29.575Z,62,da-stable,0.518375,4.00,0.515821,0.603427,6.67,0.616352,0.610840,7.33,0.605674,0.610611,7.33,0.594492,10,1062,1062
moderate-1.5to1,150,100,0,inf,100,32,2026-09-03T19:40:29.671Z,65,da-stable,0.518375,4.00,0.515821,0.603427,6.67,0.616352,0.610840,7.33,0.605674,0.610611,7.33,0.594492,11,1062,1062
moderate-1.5to1,150,100,0,inf,100,33,2026-09-03T19:40:29.778Z,66,da-stable,0.518375,4.00,0.515821,0.603427,6.67,0.616352,0.610840,7.33,0.605674,0.610611,7.33,0.594492,9,1062,1062
moderate-1.5to1,150,100,0,inf,100,34,2026-09-03T19:40:29.885Z,86,da-stable,0.518375,4.00,0.515821,0.603427,6.67,0.616352,0.610840,7.33,0.605674,0.610611,7.33,0.594492,16,1062,1062
moderate-1.5to1,150,100,0,inf,100,35,2026-09-03T19:40:30.017Z,77,da-stable,0.518375,4.00,0.515821,0.603427,6.67,0.616352,0.610840,7.33,0.605674,0.610611,7.33,0.594492,9,1062,1062
moderate-1.5to1,150,100,0,inf,100,36,2026-09-03T19:40:30.128Z,67,da-stable,0.518375,4.00,0.515821,0.603427,6.67,0.616352,0.610840,7.33,0.605674,0.610611,7.33,0.594492,8,1062,1062
moderate-1.5to1,150,100,0,inf,100,37,2026-09-03T19:40:30.227Z,77,da-stable,0.518375,4.00,0.515821,0.603427,6.67,0.616352,0.610840,7.33,0.605674,0.610611,7.33,0.594492,9,1062,1062
moderate-1.5to1,150,100,0,inf,100,38,2026-09-03T19:40:30.337Z,69,da-stable,0.518375,4.00,0.515821,0.603427,6.67,0.616352,0.610840,7.33,0.605674,0.610611,7.33,0.594492,18,1062,1062
moderate-1.5to1,150,100,0,inf,100,39,2026-09-03T19:40:30.469Z,82,da-stable,0.518375,4.00,0.515821,0.603427,6.67,0.616352,0.610840,7.33,0.605674,0.610611,7.33,0.594492,9,1062,1062
moderate-1.5to1,150,100,0,inf,100,40,2026-09-03T19:40:30.585Z,75,da-stable,0.518375,4.00,0.515821,0.603427,6.67,0.616352,0.610840,7.33,0.605674,0.610611,7.33,0.594492,12,1062,1062
moderate-1.5to1,150,100,0,inf,100,41,2026-09-03T19:40:30.698Z,71,da-stable,0.518375,4.00,0.515821,0.603427,6.67,0.616352,0.610840,7.33,0.605674,0.610611,7.33,0.594492,8,1062,1062
moderate-1.5to1,150,100,0,inf,100,42,2026-09-03T19:40:30.807Z,67,da-stable,0.518375,4.00,0.515821,0.603427,6.67,0.616352,0.610840,7.33,0.605674,0.610611,7.33,0.594492,9,1062,1062
moderate-1.5to1,150,100,0,inf,100,43,2026-09-03T19:40:30.908Z,99,da-stable,0.518375,4.00,0.515821,0.603427,6.67,0.616352,0.610840,7.33,0.605674,0.610611,7.33,0.594492,11,1062,1062
moderate-1.5to1,150,100,0,inf,100,44,2026-09-03T19:40:31.055Z,66,da-stable,0.518375,4.00,0.515821,0.603427,6.67,0.616352,0.610840,7.33,0.605674,0.610611,7.33,0.594492,8,1062,1062
moderate-1.5to1,150,100,0,inf,100,45,2026-09-03T19:40:31.154Z,66,da-stable,0.518375,4.00,0.515821,0.603427,6.67,0.616352,0.610840,7.33,0.605674,0.610611,7.33,0.594492,9,1062,1062
moderate-1.5to1,150,100,0,inf,100,46,2026-09-03T19:40:31.254Z,63,da-stable,0.518375,4.00,0.515821,0.603427,6.67,0.616352,0.610840,7.33,0.605674,0.610611,7.33,0.594492,8,1062,1062
moderate-1.5to1,150,100,0,inf,100,47,2026-09-03T19:40:31.349Z,65,da-stable,0.518375,4.00,0.515821,0.603427,6.67,0.616352,0.610840,7.33,0.605674,0.610611,7.33,0.594492,8,1062,1062
moderate-1.5to1,150,100,0,inf,100,48,2026-09-03T19:40:31.450Z,102,da-stable,0.518375,4.00,0.515821,0.603427,6.67,0.616352,0.610840,7.33,0.605674,0.610611,7.33,0.594492,11,1062,1062
moderate-1.5to1,150,100,0,inf,100,49,2026-09-03T19:40:31.601Z,75,da-stable,0.518375,4.00,0.515821,0.603427,6.67,0.616352,0.610840,7.33,0.605674,0.610611,7.33,0.594492,10,1062,1062
moderate-1.5to1,150,100,0,inf,100,50,2026-09-03T19:40:31.711Z,69,da-stable,0.518375,4.00,0.515821,0.603427,6.67,0.616352,0.610840,7.33,0.605674,0.610611,7.33,0.594492,8,1062,1062
moderate-1.5to1,150,100,0,inf,100,51,2026-09-03T19:40:31.813Z,63,da-stable,0.518375,4.00,0.515821,0.603427,6.67,0.616352,0.610840,7.33,0.605674,0.610611,7.33,0.594492,8,1062,1062
moderate-1.5to1,150,100,0,inf,100,52,2026-09-03T19:40:31.909Z,91,da-stable,0.518375,4.00,0.515821,0.603427,6.67,0.616352,0.610840,7.33,0.605674,0.610611,7.33,0.594492,13,1062,1062
moderate-1.5to1,150,100,0,inf,100,53,2026-09-03T19:40:32.048Z,68,da-stable,0.518375,4.00,0.515821,0.603427,6.67,0.616352,0.610840,7.33,0.605674,0.610611,7.33,0.594492,9,1062,1062
moderate-1.5to1,150,100,0,inf,100,54,2026-09-03T19:40:32.150Z,64,da-stable,0.518375,4.00,0.515821,0.603427,6.67,0.616352,0.610840,7.33,0.605674,0.610611,7.33,0.594492,8,1062,1062
moderate-1.5to1,150,100,0,inf,100,55,2026-09-03T19:40:32.247Z,64,da-stable,0.518375,4.00,0.515821,0.603427,6.67,0.616352,0.610840,7.33,0.605674,0.610611,7.33,0.594492,7,1062,1062
moderate-1.5to1,150,100,0,inf,100,56,2026-09-03T19:40:32.344Z,66,da-stable,0.518375,4.00,0.515821,0.603427,6.67,0.616352,0.610840,7.33,0.605674,0.610611,7.33,0.594492,9,1062,1062
moderate-1.5to1,150,100,0,inf,100,57,2026-09-03T19:40:32.444Z,85,da-stable,0.518375,4.00,0.515821,0.603427,6.67,0.616352,0.610840,7.33,0.605674,0.610611,7.33,0.594492,12,1062,1062
moderate-1.5to1,150,100,0,inf,100,58,2026-09-03T19:40:32.574Z,65,da-stable,0.518375,4.00,0.515821,0.603427,6.67,0.616352,0.610840,7.33,0.605674,0.610611,7.33,0.594492,10,1062,1062
moderate-1.5to1,150,100,0,inf,100,59,2026-09-03T19:40:32.675Z,66,da-stable,0.518375,4.00,0.515821,0.603427,6.67,0.616352,0.610840,7.33,0.605674,0.610611,7.33,0.594492,9,1062,1062
moderate-1.5to1,150,100,0,inf,100,60,2026-09-03T19:40:32.773Z,64,da-stable,0.518375,4.00,0.515821,0.603427,6.67,0.616352,0.610840,7.33,0.605674,0.610611,7.33,0.594492,9,1062,1062
moderate-1.5to1,150,100,0,inf,100,61,2026-09-03T19:40:32.869Z,69,da-stable,0.518375,4.00,0.515821,0.603427,6.67,0.616352,0.610840,7.33,0.605674,0.610611,7.33,0.594492,8,1062,1062
moderate-1.5to1,150,100,0,inf,100,62,2026-09-03T19:40:32.971Z,93,da-stable,0.518375,4.00,0.515821,0.603427,6.67,0.616352,0.610840,7.33,0.605674,0.610611,7.33,0.594492,13,1062,1062
moderate-1.5to1,150,100,0,inf,100,63,2026-09-03T19:40:33.104Z,66,da-stable,0.518375,4.00,0.515821,0.603427,6.67,0.616352,0.610840,7.33,0.605674,0.610611,7.33,0.594492,9,1062,1062
moderate-1.5to1,150,100,0,inf,100,64,2026-09-03T19:40:33.204Z,63,da-stable,0.518375,4.00,0.515821,0.603427,6.67,0.616352,0.610840,7.33,0.605674,0.610611,7.33,0.594492,7,1062,1062
moderate-1.5to1,150,100,0,inf,100,65,2026-09-03T19:40:33.300Z,63,da-stable,0.518375,4.00,0.515821,0.603427,6.67,0.616352,0.610840,7.33,0.605674,0.610611,7.33,0.594492,7,1062,1062
moderate-1.5to1,150,100,0,inf,100,66,2026-09-03T19:40:33.394Z,61,da-stable,0.518375,4.00,0.515821,0.603427,6.67,0.616352,0.610840,7.33,0.605674,0.610611,7.33,0.594492,8,1062,1062
moderate-1.5to1,150,100,0,inf,100,67,2026-09-03T19:40:33.487Z,93,da-stable,0.518375,4.00,0.515821,0.603427,6.67,0.616352,0.610840,7.33,0.605674,0.610611,7.33,0.594492,16,1062,1062
moderate-1.5to1,150,100,0,inf,100,68,2026-09-03T19:40:33.622Z,66,da-stable,0.518375,4.00,0.515821,0.603427,6.67,0.616352,0.610840,7.33,0.605674,0.610611,7.33,0.594492,9,1062,1062
moderate-1.5to1,150,100,0,inf,100,69,2026-09-03T19:40:33.722Z,87,da-stable,0.518375,4.00,0.515821,0.603427,6.67,0.616352,0.610840,7.33,0.605674,0.610611,7.33,0.594492,9,1062,1062
moderate-1.5to1,150,100,0,inf,100,70,2026-09-03T19:40:33.845Z,64,da-stable,0.518375,4.00,0.515821,0.603427,6.67,0.616352,0.610840,7.33,0.605674,0.610611,7.33,0.594492,7,1062,1062
moderate-1.5to1,150,100,0,inf,100,71,2026-09-03T19:40:33.945Z,80,da-stable,0.518375,4.00,0.515821,0.603427,6.67,0.616352,0.610840,7.33,0.605674,0.610611,7.33,0.594492,9,1062,1062
moderate-1.5to1,150,100,0,inf,100,72,2026-09-03T19:40:34.068Z,74,da-stable,0.518375,4.00,0.515821,0.603427,6.67,0.616352,0.610840,7.33,0.605674,0.610611,7.33,0.594492,8,1062,1062
moderate-1.5to1,150,100,0,inf,100,73,2026-09-03T19:40:34.175Z,63,da-stable,0.518375,4.00,0.515821,0.603427,6.67,0.616352,0.610840,7.33,0.605674,0.610611,7.33,0.594492,8,1062,1062
moderate-1.5to1,150,100,0,inf,100,74,2026-09-03T19:40:34.271Z,64,da-stable,0.518375,4.00,0.515821,0.603427,6.67,0.616352,0.610840,7.33,0.605674,0.610611,7.33,0.594492,9,1062,1062
moderate-1.5to1,150,100,0,inf,100,75,2026-09-03T19:40:34.369Z,62,da-stable,0.518375,4.00,0.515821,0.603427,6.67,0.616352,0.610840,7.33,0.605674,0.610611,7.33,0.594492,8,1062,1062
moderate-1.5to1,150,100,0,inf,100,76,2026-09-03T19:40:34.464Z,84,da-stable,0.518375,4.00,0.515821,0.603427,6.67,0.616352,0.610840,7.33,0.605674,0.610611,7.33,0.594492,11,1062,1062
moderate-1.5to1,150,100,0,inf,100,77,2026-09-03T19:40:34.588Z,71,da-stable,0.518375,4.00,0.515821,0.603427,6.67,0.616352,0.610840,7.33,0.605674,0.610611,7.33,0.594492,9,1062,1062
moderate-1.5to1,150,100,0,inf,100,78,2026-09-03T19:40:34.692Z,69,da-stable,0.518375,4.00,0.515821,0.603427,6.67,0.616352,0.610840,7.33,0.605674,0.610611,7.33,0.594492,12,1062,1062
moderate-1.5to1,150,100,0,inf,100,79,2026-09-03T19:40:34.798Z,63,da-stable,0.518375,4.00,0.515821,0.603427,6.67,0.616352,0.610840,7.33,0.605674,0.610611,7.33,0.594492,8,1062,1062
moderate-1.5to1,150,100,0,inf,100,80,2026-09-03T19:40:34.893Z,61,da-stable,0.518375,4.00,0.515821,0.603427,6.67,0.616352,0.610840,7.33,0.605674,0.610611,7.33,0.594492,9,1062,1062
moderate-1.5to1,150,100,0,inf,100,81,2026-09-03T19:40:34.989Z,85,da-stable,0.518375,4.00,0.515821,0.603427,6.67,0.616352,0.610840,7.33,0.605674,0.610611,7.33,0.594492,9,1062,1062
moderate-1.5to1,150,100,0,inf,100,82,2026-09-03T19:40:35.114Z,63,da-stable,0.518375,4.00,0.515821,0.603427,6.67,0.616352,0.610840,7.33,0.605674,0.610611,7.33,0.594492,8,1062,1062
moderate-1.5to1,150,100,0,inf,100,83,2026-09-03T19:40:35.211Z,72,da-stable,0.518375,4.00,0.515821,0.603427,6.67,0.616352,0.610840,7.33,0.605674,0.610611,7.33,0.594492,10,1062,1062
moderate-1.5to1,150,100,0,inf,100,84,2026-09-03T19:40:35.318Z,67,da-stable,0.518375,4.00,0.515821,0.603427,6.67,0.616352,0.610840,7.33,0.605674,0.610611,7.33,0.594492,8,1062,1062
moderate-1.5to1,150,100,0,inf,100,85,2026-09-03T19:40:35.418Z,62,da-stable,0.518375,4.00,0.515821,0.603427,6.67,0.616352,0.610840,7.33,0.605674,0.610611,7.33,0.594492,9,1062,1062
moderate-1.5to1,150,100,0,inf,100,86,2026-09-03T19:40:35.514Z,97,da-stable,0.518375,4.00,0.515821,0.603427,6.67,0.616352,0.610840,7.33,0.605674,0.610611,7.33,0.594492,11,1062,1062
moderate-1.5to1,150,100,0,inf,100,87,2026-09-03T19:40:35.657Z,74,da-stable,0.518375,4.00,0.515821,0.603427,6.67,0.616352,0.610840,7.33,0.605674,0.610611,7.33,0.594492,8,1062,1062
moderate-1.5to1,150,100,0,inf,100,88,2026-09-03T19:40:35.765Z,75,da-stable,0.518375,4.00,0.515821,0.603427,6.67,0.616352,0.610840,7.33,0.605674,0.610611,7.33,0.594492,8,1062,1062
moderate-1.5to1,150,100,0,inf,100,89,2026-09-03T19:40:35.874Z,66,da-stable,0.518375,4.00,0.515821,0.603427,6.67,0.616352,0.610840,7.33,0.605674,0.610611,7.33,0.594492,11,1062,1062
moderate-1.5to1,150,100,0,inf,100,90,2026-09-03T19:40:35.985Z,102,da-stable,0.518375,4.00,0.515821,0.603427,6.67,0.616352,0.610840,7.33,0.605674,0.610611,7.33,0.594492,14,1062,1062
moderate-1.5to1,150,100,0,inf,100,91,2026-09-03T19:40:36.137Z,80,da-stable,0.518375,4.00,0.515821,0.603427,6.67,0.616352,0.610840,7.33,0.605674,0.610611,7.33,0.594492,8,1062,1062
moderate-1.5to1,150,100,0,inf,100,92,2026-09-03T19:40:36.249Z,65,da-stable,0.518375,4.00,0.515821,0.603427,6.67,0.616352,0.610840,7.33,0.605674,0.610611,7.33,0.594492,8,1062,1062
moderate-1.5to1,150,100,0,inf,100,93,2026-09-03T19:40:36.348Z,63,da-stable,0.518375,4.00,0.515821,0.603427,6.67,0.616352,0.610840,7.33,0.605674,0.610611,7.33,0.594492,8,1062,1062
moderate-1.5to1,150,100,0,inf,100,94,2026-09-03T19:40:36.443Z,69,da-stable,0.518375,4.00,0.515821,0.603427,6.67,0.616352,0.610840,7.33,0.605674,0.610611,7.33,0.594492,10,1062,1062
moderate-1.5to1,150,100,0,inf,100,95,2026-09-03T19:40:36.553Z,84,da-stable,0.518375,4.00,0.515821,0.603427,6.67,0.616352,0.610840,7.33,0.605674,0.610611,7.33,0.594492,9,1062,1062
moderate-1.5to1,150,100,0,inf,100,96,2026-09-03T19:40:36.677Z,75,da-stable,0.518375,4.00,0.515821,0.603427,6.67,0.616352,0.610840,7.33,0.605674,0.610611,7.33,0.594492,8,1062,1062
moderate-1.5to1,150,100,0,inf,100,97,2026-09-03T19:40:36.787Z,66,da-stable,0.518375,4.00,0.515821,0.603427,6.67,0.616352,0.610840,7.33,0.605674,0.610611,7.33,0.594492,8,1062,1062
moderate-1.5to1,150,100,0,inf,100,98,2026-09-03T19:40:36.885Z,73,da-stable,0.518375,4.00,0.515821,0.603427,6.67,0.616352,0.610840,7.33,0.605674,0.610611,7.33,0.594492,10,1062,1062
moderate-1.5to1,150,100,0,inf,100,99,2026-09-03T19:40:37.004Z,80,da-stable,0.518375,4.00,0.515821,0.603427,6.67,0.616352,0.610840,7.33,0.605674,0.610611,7.33,0.594492,11,1062,1062
moderate-1.5to1,150,100,0,inf,100,100,2026-09-03T19:40:37.126Z,84,da-stable,0.518375,4.00,0.515821,0.603427,6.67,0.616352,0.610840,7.33,0.605674,0.610611,7.33,0.594492,12,1062,1062
moderate-2to1,150,75,0.05,inf,100,1,2026-09-03T19:40:37.250Z,49,greedy-engine,0.514844,12.00,0.580800,0.609051,13.33,0.695473,0.619988,12.67,0.699735,0.620784,12.67,0.699735,5,718,718
moderate-2to1,150,75,0.05,inf,100,2,2026-09-03T19:40:37.329Z,49,greedy-engine,0.514844,12.00,0.580800,0.609051,13.33,0.695473,0.619988,12.67,0.699735,0.620784,12.67,0.699735,5,718,718
moderate-2to1,150,75,0.05,inf,100,3,2026-09-03T19:40:37.407Z,47,greedy-engine,0.514844,12.00,0.580800,0.609051,13.33,0.695473,0.619988,12.67,0.699735,0.620784,12.67,0.699735,8,718,718
moderate-2to1,150,75,0.05,inf,100,4,2026-09-03T19:40:37.483Z,46,greedy-engine,0.514844,12.00,0.580800,0.609051,13.33,0.695473,0.619988,12.67,0.699735,0.620784,12.67,0.699735,6,718,718
moderate-2to1,150,75,0.05,inf,100,5,2026-09-03T19:40:37.558Z,79,greedy-engine,0.514844,12.00,0.580800,0.609051,13.33,0.695473,0.619988,12.67,0.699735,0.620784,12.67,0.699735,6,718,718
moderate-2to1,150,75,0.05,inf,100,6,2026-09-03T19:40:37.676Z,59,greedy-engine,0.514844,12.00,0.580800,0.609051,13.33,0.695473,0.619988,12.67,0.699735,0.620784,12.67,0.699735,6,718,718
moderate-2to1,150,75,0.05,inf,100,7,2026-09-03T19:40:37.767Z,50,greedy-engine,0.514844,12.00,0.580800,0.609051,13.33,0.695473,0.619988,12.67,0.699735,0.620784,12.67,0.699735,6,718,718
moderate-2to1,150,75,0.05,inf,100,8,2026-09-03T19:40:37.848Z,51,greedy-engine,0.514844,12.00,0.580800,0.609051,13.33,0.695473,0.619988,12.67,0.699735,0.620784,12.67,0.699735,5,718,718
moderate-2to1,150,75,0.05,inf,100,9,2026-09-03T19:40:37.927Z,50,greedy-engine,0.514844,12.00,0.580800,0.609051,13.33,0.695473,0.619988,12.67,0.699735,0.620784,12.67,0.699735,9,718,718
moderate-2to1,150,75,0.05,inf,100,10,2026-09-03T19:40:38.016Z,46,greedy-engine,0.514844,12.00,0.580800,0.609051,13.33,0.695473,0.619988,12.67,0.699735,0.620784,12.67,0.699735,8,718,718
moderate-2to1,150,75,0.05,inf,100,11,2026-09-03T19:40:38.103Z,91,greedy-engine,0.514844,12.00,0.580800,0.609051,13.33,0.695473,0.619988,12.67,0.699735,0.620784,12.67,0.699735,10,718,718
moderate-2to1,150,75,0.05,inf,100,12,2026-09-03T19:40:38.235Z,49,greedy-engine,0.514844,12.00,0.580800,0.609051,13.33,0.695473,0.619988,12.67,0.699735,0.620784,12.67,0.699735,6,718,718
moderate-2to1,150,75,0.05,inf,100,13,2026-09-03T19:40:38.315Z,52,greedy-engine,0.514844,12.00,0.580800,0.609051,13.33,0.695473,0.619988,12.67,0.699735,0.620784,12.67,0.699735,6,718,718
moderate-2to1,150,75,0.05,inf,100,14,2026-09-03T19:40:38.396Z,48,greedy-engine,0.514844,12.00,0.580800,0.609051,13.33,0.695473,0.619988,12.67,0.699735,0.620784,12.67,0.699735,6,718,718
moderate-2to1,150,75,0.05,inf,100,15,2026-09-03T19:40:38.474Z,49,greedy-engine,0.514844,12.00,0.580800,0.609051,13.33,0.695473,0.619988,12.67,0.699735,0.620784,12.67,0.699735,6,718,718
moderate-2to1,150,75,0.05,inf,100,16,2026-09-03T19:40:38.551Z,54,greedy-engine,0.514844,12.00,0.580800,0.609051,13.33,0.695473,0.619988,12.67,0.699735,0.620784,12.67,0.699735,9,718,718
moderate-2to1,150,75,0.05,inf,100,17,2026-09-03T19:40:38.644Z,57,greedy-engine,0.514844,12.00,0.580800,0.609051,13.33,0.695473,0.619988,12.67,0.699735,0.620784,12.67,0.699735,6,718,718
moderate-2to1,150,75,0.05,inf,100,18,2026-09-03T19:40:38.730Z,50,greedy-engine,0.514844,12.00,0.580800,0.609051,13.33,0.695473,0.619988,12.67,0.699735,0.620784,12.67,0.699735,6,718,718
moderate-2to1,150,75,0.05,inf,100,19,2026-09-03T19:40:38.808Z,47,greedy-engine,0.514844,12.00,0.580800,0.609051,13.33,0.695473,0.619988,12.67,0.699735,0.620784,12.67,0.699735,6,718,718
moderate-2to1,150,75,0.05,inf,100,20,2026-09-03T19:40:38.883Z,61,greedy-engine,0.514844,12.00,0.580800,0.609051,13.33,0.695473,0.619988,12.67,0.699735,0.620784,12.67,0.699735,6,718,718
moderate-2to1,150,75,0.05,inf,100,21,2026-09-03T19:40:38.972Z,56,greedy-engine,0.514844,12.00,0.580800,0.609051,13.33,0.695473,0.619988,12.67,0.699735,0.620784,12.67,0.699735,10,718,718
moderate-2to1,150,75,0.05,inf,100,22,2026-09-03T19:40:39.061Z,55,greedy-engine,0.514844,12.00,0.580800,0.609051,13.33,0.695473,0.619988,12.67,0.699735,0.620784,12.67,0.699735,13,718,718
moderate-2to1,150,75,0.05,inf,100,23,2026-09-03T19:40:39.167Z,56,greedy-engine,0.514844,12.00,0.580800,0.609051,13.33,0.695473,0.619988,12.67,0.699735,0.620784,12.67,0.699735,6,718,718
moderate-2to1,150,75,0.05,inf,100,24,2026-09-03T19:40:39.256Z,50,greedy-engine,0.514844,12.00,0.580800,0.609051,13.33,0.695473,0.619988,12.67,0.699735,0.620784,12.67,0.699735,7,718,718
moderate-2to1,150,75,0.05,inf,100,25,2026-09-03T19:40:39.342Z,48,greedy-engine,0.514844,12.00,0.580800,0.609051,13.33,0.695473,0.619988,12.67,0.699735,0.620784,12.67,0.699735,6,718,718
moderate-2to1,150,75,0.05,inf,100,26,2026-09-03T19:40:39.420Z,49,greedy-engine,0.514844,12.00,0.580800,0.609051,13.33,0.695473,0.619988,12.67,0.699735,0.620784,12.67,0.699735,6,718,718
moderate-2to1,150,75,0.05,inf,100,27,2026-09-03T19:40:39.499Z,47,greedy-engine,0.514844,12.00,0.580800,0.609051,13.33,0.695473,0.619988,12.67,0.699735,0.620784,12.67,0.699735,7,718,718
moderate-2to1,150,75,0.05,inf,100,28,2026-09-03T19:40:39.579Z,54,greedy-engine,0.514844,12.00,0.580800,0.609051,13.33,0.695473,0.619988,12.67,0.699735,0.620784,12.67,0.699735,11,718,718
moderate-2to1,150,75,0.05,inf,100,29,2026-09-03T19:40:39.676Z,69,greedy-engine,0.514844,12.00,0.580800,0.609051,13.33,0.695473,0.619988,12.67,0.699735,0.620784,12.67,0.699735,7,718,718
moderate-2to1,150,75,0.05,inf,100,30,2026-09-03T19:40:39.778Z,47,greedy-engine,0.514844,12.00,0.580800,0.609051,13.33,0.695473,0.619988,12.67,0.699735,0.620784,12.67,0.699735,9,718,718
moderate-2to1,150,75,0.05,inf,100,31,2026-09-03T19:40:39.860Z,49,greedy-engine,0.514844,12.00,0.580800,0.609051,13.33,0.695473,0.619988,12.67,0.699735,0.620784,12.67,0.699735,6,718,718
moderate-2to1,150,75,0.05,inf,100,32,2026-09-03T19:40:39.938Z,47,greedy-engine,0.514844,12.00,0.580800,0.609051,13.33,0.695473,0.619988,12.67,0.699735,0.620784,12.67,0.699735,10,718,718
moderate-2to1,150,75,0.05,inf,100,33,2026-09-03T19:40:40.021Z,50,greedy-engine,0.514844,12.00,0.580800,0.609051,13.33,0.695473,0.619988,12.67,0.699735,0.620784,12.67,0.699735,7,718,718
moderate-2to1,150,75,0.05,inf,100,34,2026-09-03T19:40:40.105Z,65,greedy-engine,0.514844,12.00,0.580800,0.609051,13.33,0.695473,0.619988,12.67,0.699735,0.620784,12.67,0.699735,10,718,718
moderate-2to1,150,75,0.05,inf,100,35,2026-09-03T19:40:40.207Z,60,greedy-engine,0.514844,12.00,0.580800,0.609051,13.33,0.695473,0.619988,12.67,0.699735,0.620784,12.67,0.699735,6,718,718
moderate-2to1,150,75,0.05,inf,100,36,2026-09-03T19:40:40.297Z,54,greedy-engine,0.514844,12.00,0.580800,0.609051,13.33,0.695473,0.619988,12.67,0.699735,0.620784,12.67,0.699735,12,718,718
moderate-2to1,150,75,0.05,inf,100,37,2026-09-03T19:40:40.395Z,56,greedy-engine,0.514844,12.00,0.580800,0.609051,13.33,0.695473,0.619988,12.67,0.699735,0.620784,12.67,0.699735,6,718,718
moderate-2to1,150,75,0.05,inf,100,38,2026-09-03T19:40:40.480Z,51,greedy-engine,0.514844,12.00,0.580800,0.609051,13.33,0.695473,0.619988,12.67,0.699735,0.620784,12.67,0.699735,6,718,718
moderate-2to1,150,75,0.05,inf,100,39,2026-09-03T19:40:40.560Z,44,greedy-engine,0.514844,12.00,0.580800,0.609051,13.33,0.695473,0.619988,12.67,0.699735,0.620784,12.67,0.699735,6,718,718
moderate-2to1,150,75,0.05,inf,100,40,2026-09-03T19:40:40.641Z,67,greedy-engine,0.514844,12.00,0.580800,0.609051,13.33,0.695473,0.619988,12.67,0.699735,0.620784,12.67,0.699735,9,718,718
moderate-2to1,150,75,0.05,inf,100,41,2026-09-03T19:40:40.743Z,49,greedy-engine,0.514844,12.00,0.580800,0.609051,13.33,0.695473,0.619988,12.67,0.699735,0.620784,12.67,0.699735,5,718,718
moderate-2to1,150,75,0.05,inf,100,42,2026-09-03T19:40:40.822Z,47,greedy-engine,0.514844,12.00,0.580800,0.609051,13.33,0.695473,0.619988,12.67,0.699735,0.620784,12.67,0.699735,6,718,718
moderate-2to1,150,75,0.05,inf,100,43,2026-09-03T19:40:40.899Z,47,greedy-engine,0.514844,12.00,0.580800,0.609051,13.33,0.695473,0.619988,12.67,0.699735,0.620784,12.67,0.699735,6,718,718
moderate-2to1,150,75,0.05,inf,100,44,2026-09-03T19:40:40.976Z,55,greedy-engine,0.514844,12.00,0.580800,0.609051,13.33,0.695473,0.619988,12.67,0.699735,0.620784,12.67,0.699735,6,718,718
moderate-2to1,150,75,0.05,inf,100,45,2026-09-03T19:40:41.059Z,45,greedy-engine,0.514844,12.00,0.580800,0.609051,13.33,0.695473,0.619988,12.67,0.699735,0.620784,12.67,0.699735,6,718,718
moderate-2to1,150,75,0.05,inf,100,46,2026-09-03T19:40:41.141Z,60,greedy-engine,0.514844,12.00,0.580800,0.609051,13.33,0.695473,0.619988,12.67,0.699735,0.620784,12.67,0.699735,7,718,718
moderate-2to1,150,75,0.05,inf,100,47,2026-09-03T19:40:41.236Z,52,greedy-engine,0.514844,12.00,0.580800,0.609051,13.33,0.695473,0.619988,12.67,0.699735,0.620784,12.67,0.699735,6,718,718
moderate-2to1,150,75,0.05,inf,100,48,2026-09-03T19:40:41.318Z,48,greedy-engine,0.514844,12.00,0.580800,0.609051,13.33,0.695473,0.619988,12.67,0.699735,0.620784,12.67,0.699735,6,718,718
moderate-2to1,150,75,0.05,inf,100,49,2026-09-03T19:40:41.395Z,49,greedy-engine,0.514844,12.00,0.580800,0.609051,13.33,0.695473,0.619988,12.67,0.699735,0.620784,12.67,0.699735,5,718,718
moderate-2to1,150,75,0.05,inf,100,50,2026-09-03T19:40:41.472Z,46,greedy-engine,0.514844,12.00,0.580800,0.609051,13.33,0.695473,0.619988,12.67,0.699735,0.620784,12.67,0.699735,6,718,718
moderate-2to1,150,75,0.05,inf,100,51,2026-09-03T19:40:41.547Z,58,greedy-engine,0.514844,12.00,0.580800,0.609051,13.33,0.695473,0.619988,12.67,0.699735,0.620784,12.67,0.699735,6,718,718
moderate-2to1,150,75,0.05,inf,100,52,2026-09-03T19:40:41.633Z,69,greedy-engine,0.514844,12.00,0.580800,0.609051,13.33,0.695473,0.619988,12.67,0.699735,0.620784,12.67,0.699735,7,718,718
moderate-2to1,150,75,0.05,inf,100,53,2026-09-03T19:40:41.744Z,50,greedy-engine,0.514844,12.00,0.580800,0.609051,13.33,0.695473,0.619988,12.67,0.699735,0.620784,12.67,0.699735,5,718,718
moderate-2to1,150,75,0.05,inf,100,54,2026-09-03T19:40:41.823Z,47,greedy-engine,0.514844,12.00,0.580800,0.609051,13.33,0.695473,0.619988,12.67,0.699735,0.620784,12.67,0.699735,6,718,718
moderate-2to1,150,75,0.05,inf,100,55,2026-09-03T19:40:41.898Z,50,greedy-engine,0.514844,12.00,0.580800,0.609051,13.33,0.695473,0.619988,12.67,0.699735,0.620784,12.67,0.699735,6,718,718
moderate-2to1,150,75,0.05,inf,100,56,2026-09-03T19:40:41.975Z,53,greedy-engine,0.514844,12.00,0.580800,0.609051,13.33,0.695473,0.619988,12.67,0.699735,0.620784,12.67,0.699735,6,718,718
moderate-2to1,150,75,0.05,inf,100,57,2026-09-03T19:40:42.056Z,47,greedy-engine,0.514844,12.00,0.580800,0.609051,13.33,0.695473,0.619988,12.67,0.699735,0.620784,12.67,0.699735,6,718,718
moderate-2to1,150,75,0.05,inf,100,58,2026-09-03T19:40:42.130Z,64,greedy-engine,0.514844,12.00,0.580800,0.609051,13.33,0.695473,0.619988,12.67,0.699735,0.620784,12.67,0.699735,9,718,718
moderate-2to1,150,75,0.05,inf,100,59,2026-09-03T19:40:42.229Z,55,greedy-engine,0.514844,12.00,0.580800,0.609051,13.33,0.695473,0.619988,12.67,0.699735,0.620784,12.67,0.699735,6,718,718
moderate-2to1,150,75,0.05,inf,100,60,2026-09-03T19:40:42.313Z,50,greedy-engine,0.514844,12.00,0.580800,0.609051,13.33,0.695473,0.619988,12.67,0.699735,0.620784,12.67,0.699735,6,718,718
moderate-2to1,150,75,0.05,inf,100,61,2026-09-03T19:40:42.391Z,51,greedy-engine,0.514844,12.00,0.580800,0.609051,13.33,0.695473,0.619988,12.67,0.699735,0.620784,12.67,0.699735,5,718,718
moderate-2to1,150,75,0.05,inf,100,62,2026-09-03T19:40:42.470Z,56,greedy-engine,0.514844,12.00,0.580800,0.609051,13.33,0.695473,0.619988,12.67,0.699735,0.620784,12.67,0.699735,10,718,718
moderate-2to1,150,75,0.05,inf,100,63,2026-09-03T19:40:42.570Z,58,greedy-engine,0.514844,12.00,0.580800,0.609051,13.33,0.695473,0.619988,12.67,0.699735,0.620784,12.67,0.699735,9,718,718
moderate-2to1,150,75,0.05,inf,100,64,2026-09-03T19:40:42.666Z,69,greedy-engine,0.514844,12.00,0.580800,0.609051,13.33,0.695473,0.619988,12.67,0.699735,0.620784,12.67,0.699735,13,718,718
moderate-2to1,150,75,0.05,inf,100,65,2026-09-03T19:40:42.777Z,51,greedy-engine,0.514844,12.00,0.580800,0.609051,13.33,0.695473,0.619988,12.67,0.699735,0.620784,12.67,0.699735,6,718,718
moderate-2to1,150,75,0.05,inf,100,66,2026-09-03T19:40:42.858Z,48,greedy-engine,0.514844,12.00,0.580800,0.609051,13.33,0.695473,0.619988,12.67,0.699735,0.620784,12.67,0.699735,6,718,718
moderate-2to1,150,75,0.05,inf,100,67,2026-09-03T19:40:42.935Z,47,greedy-engine,0.514844,12.00,0.580800,0.609051,13.33,0.695473,0.619988,12.67,0.699735,0.620784,12.67,0.699735,6,718,718
moderate-2to1,150,75,0.05,inf,100,68,2026-09-03T19:40:43.018Z,51,greedy-engine,0.514844,12.00,0.580800,0.609051,13.33,0.695473,0.619988,12.67,0.699735,0.620784,12.67,0.699735,5,718,718
moderate-2to1,150,75,0.05,inf,100,69,2026-09-03T19:40:43.100Z,47,greedy-engine,0.514844,12.00,0.580800,0.609051,13.33,0.695473,0.619988,12.67,0.699735,0.620784,12.67,0.699735,10,718,718
moderate-2to1,150,75,0.05,inf,100,70,2026-09-03T19:40:43.191Z,53,greedy-engine,0.514844,12.00,0.580800,0.609051,13.33,0.695473,0.619988,12.67,0.699735,0.620784,12.67,0.699735,6,718,718
moderate-2to1,150,75,0.05,inf,100,71,2026-09-03T19:40:43.281Z,51,greedy-engine,0.514844,12.00,0.580800,0.609051,13.33,0.695473,0.619988,12.67,0.699735,0.620784,12.67,0.699735,8,718,718
moderate-2to1,150,75,0.05,inf,100,72,2026-09-03T19:40:43.364Z,46,greedy-engine,0.514844,12.00,0.580800,0.609051,13.33,0.695473,0.619988,12.67,0.699735,0.620784,12.67,0.699735,8,718,718
moderate-2to1,150,75,0.05,inf,100,73,2026-09-03T19:40:43.440Z,50,greedy-engine,0.514844,12.00,0.580800,0.609051,13.33,0.695473,0.619988,12.67,0.699735,0.620784,12.67,0.699735,7,718,718
moderate-2to1,150,75,0.05,inf,100,74,2026-09-03T19:40:43.524Z,54,greedy-engine,0.514844,12.00,0.580800,0.609051,13.33,0.695473,0.619988,12.67,0.699735,0.620784,12.67,0.699735,5,718,718
moderate-2to1,150,75,0.05,inf,100,75,2026-09-03T19:40:43.606Z,48,greedy-engine,0.514844,12.00,0.580800,0.609051,13.33,0.695473,0.619988,12.67,0.699735,0.620784,12.67,0.699735,6,718,718
moderate-2to1,150,75,0.05,inf,100,76,2026-09-03T19:40:43.690Z,70,greedy-engine,0.514844,12.00,0.580800,0.609051,13.33,0.695473,0.619988,12.67,0.699735,0.620784,12.67,0.699735,8,718,718
moderate-2to1,150,75,0.05,inf,100,77,2026-09-03T19:40:43.797Z,50,greedy-engine,0.514844,12.00,0.580800,0.609051,13.33,0.695473,0.619988,12.67,0.699735,0.620784,12.67,0.699735,6,718,718
moderate-2to1,150,75,0.05,inf,100,78,2026-09-03T19:40:43.878Z,56,greedy-engine,0.514844,12.00,0.580800,0.609051,13.33,0.695473,0.619988,12.67,0.699735,0.620784,12.67,0.699735,6,718,718
moderate-2to1,150,75,0.05,inf,100,79,2026-09-03T19:40:43.963Z,56,greedy-engine,0.514844,12.00,0.580800,0.609051,13.33,0.695473,0.619988,12.67,0.699735,0.620784,12.67,0.699735,6,718,718
moderate-2to1,150,75,0.05,inf,100,80,2026-09-03T19:40:44.051Z,59,greedy-engine,0.514844,12.00,0.580800,0.609051,13.33,0.695473,0.619988,12.67,0.699735,0.620784,12.67,0.699735,6,718,718
moderate-2to1,150,75,0.05,inf,100,81,2026-09-03T19:40:44.138Z,58,greedy-engine,0.514844,12.00,0.580800,0.609051,13.33,0.695473,0.619988,12.67,0.699735,0.620784,12.67,0.699735,9,718,718
moderate-2to1,150,75,0.05,inf,100,82,2026-09-03T19:40:44.237Z,57,greedy-engine,0.514844,12.00,0.580800,0.609051,13.33,0.695473,0.619988,12.67,0.699735,0.620784,12.67,0.699735,7,718,718
moderate-2to1,150,75,0.05,inf,100,83,2026-09-03T19:40:44.325Z,53,greedy-engine,0.514844,12.00,0.580800,0.609051,13.33,0.695473,0.619988,12.67,0.699735,0.620784,12.67,0.699735,5,718,718
moderate-2to1,150,75,0.05,inf,100,84,2026-09-03T19:40:44.408Z,47,greedy-engine,0.514844,12.00,0.580800,0.609051,13.33,0.695473,0.619988,12.67,0.699735,0.620784,12.67,0.699735,6,718,718
moderate-2to1,150,75,0.05,inf,100,85,2026-09-03T19:40:44.484Z,58,greedy-engine,0.514844,12.00,0.580800,0.609051,13.33,0.695473,0.619988,12.67,0.699735,0.620784,12.67,0.699735,6,718,718
moderate-2to1,150,75,0.05,inf,100,86,2026-09-03T19:40:44.572Z,47,greedy-engine,0.514844,12.00,0.580800,0.609051,13.33,0.695473,0.619988,12.67,0.699735,0.620784,12.67,0.699735,6,718,718
moderate-2to1,150,75,0.05,inf,100,87,2026-09-03T19:40:44.650Z,61,greedy-engine,0.514844,12.00,0.580800,0.609051,13.33,0.695473,0.619988,12.67,0.699735,0.620784,12.67,0.699735,11,718,718
moderate-2to1,150,75,0.05,inf,100,88,2026-09-03T19:40:44.770Z,72,greedy-engine,0.514844,12.00,0.580800,0.609051,13.33,0.695473,0.619988,12.67,0.699735,0.620784,12.67,0.699735,6,718,718
moderate-2to1,150,75,0.05,inf,100,89,2026-09-03T19:40:44.871Z,51,greedy-engine,0.514844,12.00,0.580800,0.609051,13.33,0.695473,0.619988,12.67,0.699735,0.620784,12.67,0.699735,7,718,718
moderate-2to1,150,75,0.05,inf,100,90,2026-09-03T19:40:44.953Z,46,greedy-engine,0.514844,12.00,0.580800,0.609051,13.33,0.695473,0.619988,12.67,0.699735,0.620784,12.67,0.699735,6,718,718
moderate-2to1,150,75,0.05,inf,100,91,2026-09-03T19:40:45.034Z,49,greedy-engine,0.514844,12.00,0.580800,0.609051,13.33,0.695473,0.619988,12.67,0.699735,0.620784,12.67,0.699735,6,718,718
moderate-2to1,150,75,0.05,inf,100,92,2026-09-03T19:40:45.112Z,50,greedy-engine,0.514844,12.00,0.580800,0.609051,13.33,0.695473,0.619988,12.67,0.699735,0.620784,12.67,0.699735,6,718,718
moderate-2to1,150,75,0.05,inf,100,93,2026-09-03T19:40:45.193Z,64,greedy-engine,0.514844,12.00,0.580800,0.609051,13.33,0.695473,0.619988,12.67,0.699735,0.620784,12.67,0.699735,6,718,718
moderate-2to1,150,75,0.05,inf,100,94,2026-09-03T19:40:45.290Z,49,greedy-engine,0.514844,12.00,0.580800,0.609051,13.33,0.695473,0.619988,12.67,0.699735,0.620784,12.67,0.699735,6,718,718
moderate-2to1,150,75,0.05,inf,100,95,2026-09-03T19:40:45.368Z,48,greedy-engine,0.514844,12.00,0.580800,0.609051,13.33,0.695473,0.619988,12.67,0.699735,0.620784,12.67,0.699735,6,718,718
moderate-2to1,150,75,0.05,inf,100,96,2026-09-03T19:40:45.446Z,50,greedy-engine,0.514844,12.00,0.580800,0.609051,13.33,0.695473,0.619988,12.67,0.699735,0.620784,12.67,0.699735,6,718,718
moderate-2to1,150,75,0.05,inf,100,97,2026-09-03T19:40:45.526Z,48,greedy-engine,0.514844,12.00,0.580800,0.609051,13.33,0.695473,0.619988,12.67,0.699735,0.620784,12.67,0.699735,6,718,718
moderate-2to1,150,75,0.05,inf,100,98,2026-09-03T19:40:45.602Z,48,greedy-engine,0.514844,12.00,0.580800,0.609051,13.33,0.695473,0.619988,12.67,0.699735,0.620784,12.67,0.699735,6,718,718
moderate-2to1,150,75,0.05,inf,100,99,2026-09-03T19:40:45.681Z,66,greedy-engine,0.514844,12.00,0.580800,0.609051,13.33,0.695473,0.619988,12.67,0.699735,0.620784,12.67,0.699735,10,718,718
moderate-2to1,150,75,0.05,inf,100,100,2026-09-03T19:40:45.790Z,55,greedy-engine,0.514844,12.00,0.580800,0.609051,13.33,0.695473,0.619988,12.67,0.699735,0.620784,12.67,0.699735,6,718,718
moderate-2to1,150,75,0,inf,100,1,2026-09-03T19:40:45.873Z,45,greedy-engine,0.506597,12.00,0.580800,0.601063,13.33,0.682828,0.613732,12.67,0.699735,0.613732,12.67,0.699735,6,718,718
moderate-2to1,150,75,0,inf,100,2,2026-09-03T19:40:45.948Z,46,greedy-engine,0.506597,12.00,0.580800,0.601063,13.33,0.682828,0.613732,12.67,0.699735,0.613732,12.67,0.699735,9,718,718
moderate-2to1,150,75,0,inf,100,3,2026-09-03T19:40:46.030Z,48,greedy-engine,0.506597,12.00,0.580800,0.601063,13.33,0.682828,0.613732,12.67,0.699735,0.613732,12.67,0.699735,9,718,718
moderate-2to1,150,75,0,inf,100,4,2026-09-03T19:40:46.114Z,49,greedy-engine,0.506597,12.00,0.580800,0.601063,13.33,0.682828,0.613732,12.67,0.699735,0.613732,12.67,0.699735,6,718,718
moderate-2to1,150,75,0,inf,100,5,2026-09-03T19:40:46.192Z,65,greedy-engine,0.506597,12.00,0.580800,0.601063,13.33,0.682828,0.613732,12.67,0.699735,0.613732,12.67,0.699735,10,718,718
moderate-2to1,150,75,0,inf,100,6,2026-09-03T19:40:46.293Z,51,greedy-engine,0.506597,12.00,0.580800,0.601063,13.33,0.682828,0.613732,12.67,0.699735,0.613732,12.67,0.699735,7,718,718
moderate-2to1,150,75,0,inf,100,7,2026-09-03T19:40:46.380Z,47,greedy-engine,0.506597,12.00,0.580800,0.601063,13.33,0.682828,0.613732,12.67,0.699735,0.613732,12.67,0.699735,6,718,718
moderate-2to1,150,75,0,inf,100,8,2026-09-03T19:40:46.456Z,49,greedy-engine,0.506597,12.00,0.580800,0.601063,13.33,0.682828,0.613732,12.67,0.699735,0.613732,12.67,0.699735,6,718,718
moderate-2to1,150,75,0,inf,100,9,2026-09-03T19:40:46.535Z,45,greedy-engine,0.506597,12.00,0.580800,0.601063,13.33,0.682828,0.613732,12.67,0.699735,0.613732,12.67,0.699735,7,718,718
moderate-2to1,150,75,0,inf,100,10,2026-09-03T19:40:46.613Z,46,greedy-engine,0.506597,12.00,0.580800,0.601063,13.33,0.682828,0.613732,12.67,0.699735,0.613732,12.67,0.699735,6,718,718
moderate-2to1,150,75,0,inf,100,11,2026-09-03T19:40:46.687Z,67,greedy-engine,0.506597,12.00,0.580800,0.601063,13.33,0.682828,0.613732,12.67,0.699735,0.613732,12.67,0.699735,7,718,718
moderate-2to1,150,75,0,inf,100,12,2026-09-03T19:40:46.789Z,60,greedy-engine,0.506597,12.00,0.580800,0.601063,13.33,0.682828,0.613732,12.67,0.699735,0.613732,12.67,0.699735,6,718,718
moderate-2to1,150,75,0,inf,100,13,2026-09-03T19:40:46.878Z,50,greedy-engine,0.506597,12.00,0.580800,0.601063,13.33,0.682828,0.613732,12.67,0.699735,0.613732,12.67,0.699735,11,718,718
moderate-2to1,150,75,0,inf,100,14,2026-09-03T19:40:46.969Z,59,greedy-engine,0.506597,12.00,0.580800,0.601063,13.33,0.682828,0.613732,12.67,0.699735,0.613732,12.67,0.699735,5,718,718
moderate-2to1,150,75,0,inf,100,15,2026-09-03T19:40:47.056Z,57,greedy-engine,0.506597,12.00,0.580800,0.601063,13.33,0.682828,0.613732,12.67,0.699735,0.613732,12.67,0.699735,6,718,718
moderate-2to1,150,75,0,inf,100,16,2026-09-03T19:40:47.142Z,52,greedy-engine,0.506597,12.00,0.580800,0.601063,13.33,0.682828,0.613732,12.67,0.699735,0.613732,12.67,0.699735,6,718,718
moderate-2to1,150,75,0,inf,100,17,2026-09-03T19:40:47.226Z,72,greedy-engine,0.506597,12.00,0.580800,0.601063,13.33,0.682828,0.613732,12.67,0.699735,0.613732,12.67,0.699735,7,718,718
moderate-2to1,150,75,0,inf,100,18,2026-09-03T19:40:47.335Z,54,greedy-engine,0.506597,12.00,0.580800,0.601063,13.33,0.682828,0.613732,12.67,0.699735,0.613732,12.67,0.699735,6,718,718
moderate-2to1,150,75,0,inf,100,19,2026-09-03T19:40:47.420Z,47,greedy-engine,0.506597,12.00,0.580800,0.601063,13.33,0.682828,0.613732,12.67,0.699735,0.613732,12.67,0.699735,7,718,718
moderate-2to1,150,75,0,inf,100,20,2026-09-03T19:40:47.497Z,49,greedy-engine,0.506597,12.00,0.580800,0.601063,13.33,0.682828,0.613732,12.67,0.699735,0.613732,12.67,0.699735,6,718,718
moderate-2to1,150,75,0,inf,100,21,2026-09-03T19:40:47.573Z,45,greedy-engine,0.506597,12.00,0.580800,0.601063,13.33,0.682828,0.613732,12.67,0.699735,0.613732,12.67,0.699735,6,718,718
moderate-2to1,150,75,0,inf,100,22,2026-09-03T19:40:47.647Z,47,greedy-engine,0.506597,12.00,0.580800,0.601063,13.33,0.682828,0.613732,12.67,0.699735,0.613732,12.67,0.699735,6,718,718
moderate-2to1,150,75,0,inf,100,23,2026-09-03T19:40:47.723Z,70,greedy-engine,0.506597,12.00,0.580800,0.601063,13.33,0.682828,0.613732,12.67,0.699735,0.613732,12.67,0.699735,7,718,718
moderate-2to1,150,75,0,inf,100,24,2026-09-03T19:40:47.867Z,68,greedy-engine,0.506597,12.00,0.580800,0.601063,13.33,0.682828,0.613732,12.67,0.699735,0.613732,12.67,0.699735,5,718,718
moderate-2to1,150,75,0,inf,100,25,2026-09-03T19:40:47.966Z,54,greedy-engine,0.506597,12.00,0.580800,0.601063,13.33,0.682828,0.613732,12.67,0.699735,0.613732,12.67,0.699735,5,718,718
moderate-2to1,150,75,0,inf,100,26,2026-09-03T19:40:48.052Z,51,greedy-engine,0.506597,12.00,0.580800,0.601063,13.33,0.682828,0.613732,12.67,0.699735,0.613732,12.67,0.699735,6,718,718
moderate-2to1,150,75,0,inf,100,27,2026-09-03T19:40:48.130Z,52,greedy-engine,0.506597,12.00,0.580800,0.601063,13.33,0.682828,0.613732,12.67,0.699735,0.613732,12.67,0.699735,5,718,718
moderate-2to1,150,75,0,inf,100,28,2026-09-03T19:40:48.211Z,65,greedy-engine,0.506597,12.00,0.580800,0.601063,13.33,0.682828,0.613732,12.67,0.699735,0.613732,12.67,0.699735,7,718,718
moderate-2to1,150,75,0,inf,100,29,2026-09-03T19:40:48.311Z,62,greedy-engine,0.506597,12.00,0.580800,0.601063,13.33,0.682828,0.613732,12.67,0.699735,0.613732,12.67,0.699735,6,718,718
moderate-2to1,150,75,0,inf,100,30,2026-09-03T19:40:48.403Z,50,greedy-engine,0.506597,12.00,0.580800,0.601063,13.33,0.682828,0.613732,12.67,0.699735,0.613732,12.67,0.699735,6,718,718
moderate-2to1,150,75,0,inf,100,31,2026-09-03T19:40:48.485Z,47,greedy-engine,0.506597,12.00,0.580800,0.601063,13.33,0.682828,0.613732,12.67,0.699735,0.613732,12.67,0.699735,5,718,718
moderate-2to1,150,75,0,inf,100,32,2026-09-03T19:40:48.560Z,45,greedy-engine,0.506597,12.00,0.580800,0.601063,13.33,0.682828,0.613732,12.67,0.699735,0.613732,12.67,0.699735,6,718,718
moderate-2to1,150,75,0,inf,100,33,2026-09-03T19:40:48.635Z,49,greedy-engine,0.506597,12.00,0.580800,0.601063,13.33,0.682828,0.613732,12.67,0.699735,0.613732,12.67,0.699735,6,718,718
moderate-2to1,150,75,0,inf,100,34,2026-09-03T19:40:48.716Z,73,greedy-engine,0.506597,12.00,0.580800,0.601063,13.33,0.682828,0.613732,12.67,0.699735,0.613732,12.67,0.699735,10,718,718
moderate-2to1,150,75,0,inf,100,35,2026-09-03T19:40:48.826Z,57,greedy-engine,0.506597,12.00,0.580800,0.601063,13.33,0.682828,0.613732,12.67,0.699735,0.613732,12.67,0.699735,6,718,718
moderate-2to1,150,75,0,inf,100,36,2026-09-03T19:40:48.912Z,47,greedy-engine,0.506597,12.00,0.580800,0.601063,13.33,0.682828,0.613732,12.67,0.699735,0.613732,12.67,0.699735,7,718,718
moderate-2to1,150,75,0,inf,100,37,2026-09-03T19:40:48.988Z,55,greedy-engine,0.506597,12.00,0.580800,0.601063,13.33,0.682828,0.613732,12.67,0.699735,0.613732,12.67,0.699735,6,718,718
moderate-2to1,150,75,0,inf,100,38,2026-09-03T19:40:49.074Z,53,greedy-engine,0.506597,12.00,0.580800,0.601063,13.33,0.682828,0.613732,12.67,0.699735,0.613732,12.67,0.699735,9,718,718
moderate-2to1,150,75,0,inf,100,39,2026-09-03T19:40:49.166Z,48,greedy-engine,0.506597,12.00,0.580800,0.601063,13.33,0.682828,0.613732,12.67,0.699735,0.613732,12.67,0.699735,5,718,718
moderate-2to1,150,75,0,inf,100,40,2026-09-03T19:40:49.245Z,64,greedy-engine,0.506597,12.00,0.580800,0.601063,13.33,0.682828,0.613732,12.67,0.699735,0.613732,12.67,0.699735,8,718,718
moderate-2to1,150,75,0,inf,100,41,2026-09-03T19:40:49.349Z,55,greedy-engine,0.506597,12.00,0.580800,0.601063,13.33,0.682828,0.613732,12.67,0.699735,0.613732,12.67,0.699735,6,718,718
moderate-2to1,150,75,0,inf,100,42,2026-09-03T19:40:49.434Z,49,greedy-engine,0.506597,12.00,0.580800,0.601063,13.33,0.682828,0.613732,12.67,0.699735,0.613732,12.67,0.699735,6,718,718
moderate-2to1,150,75,0,inf,100,43,2026-09-03T19:40:49.514Z,52,greedy-engine,0.506597,12.00,0.580800,0.601063,13.33,0.682828,0.613732,12.67,0.699735,0.613732,12.67,0.699735,6,718,718
moderate-2to1,150,75,0,inf,100,44,2026-09-03T19:40:49.594Z,46,greedy-engine,0.506597,12.00,0.580800,0.601063,13.33,0.682828,0.613732,12.67,0.699735,0.613732,12.67,0.699735,6,718,718
moderate-2to1,150,75,0,inf,100,45,2026-09-03T19:40:49.670Z,45,greedy-engine,0.506597,12.00,0.580800,0.601063,13.33,0.682828,0.613732,12.67,0.699735,0.613732,12.67,0.699735,6,718,718
moderate-2to1,150,75,0,inf,100,46,2026-09-03T19:40:49.746Z,68,greedy-engine,0.506597,12.00,0.580800,0.601063,13.33,0.682828,0.613732,12.67,0.699735,0.613732,12.67,0.699735,9,718,718
moderate-2to1,150,75,0,inf,100,47,2026-09-03T19:40:49.848Z,58,greedy-engine,0.506597,12.00,0.580800,0.601063,13.33,0.682828,0.613732,12.67,0.699735,0.613732,12.67,0.699735,7,718,718
moderate-2to1,150,75,0,inf,100,48,2026-09-03T19:40:49.937Z,48,greedy-engine,0.506597,12.00,0.580800,0.601063,13.33,0.682828,0.613732,12.67,0.699735,0.613732,12.67,0.699735,5,718,718
moderate-2to1,150,75,0,inf,100,49,2026-09-03T19:40:50.022Z,47,greedy-engine,0.506597,12.00,0.580800,0.601063,13.33,0.682828,0.613732,12.67,0.699735,0.613732,12.67,0.699735,6,718,718
moderate-2to1,150,75,0,inf,100,50,2026-09-03T19:40:50.097Z,47,greedy-engine,0.506597,12.00,0.580800,0.601063,13.33,0.682828,0.613732,12.67,0.699735,0.613732,12.67,0.699735,7,718,718
moderate-2to1,150,75,0,inf,100,51,2026-09-03T19:40:50.174Z,46,greedy-engine,0.506597,12.00,0.580800,0.601063,13.33,0.682828,0.613732,12.67,0.699735,0.613732,12.67,0.699735,5,718,718
moderate-2to1,150,75,0,inf,100,52,2026-09-03T19:40:50.247Z,60,greedy-engine,0.506597,12.00,0.580800,0.601063,13.33,0.682828,0.613732,12.67,0.699735,0.613732,12.67,0.699735,9,718,718
moderate-2to1,150,75,0,inf,100,53,2026-09-03T19:40:50.351Z,59,greedy-engine,0.506597,12.00,0.580800,0.601063,13.33,0.682828,0.613732,12.67,0.699735,0.613732,12.67,0.699735,6,718,718
moderate-2to1,150,75,0,inf,100,54,2026-09-03T19:40:50.448Z,51,greedy-engine,0.506597,12.00,0.580800,0.601063,13.33,0.682828,0.613732,12.67,0.699735,0.613732,12.67,0.699735,5,718,718
moderate-2to1,150,75,0,inf,100,55,2026-09-03T19:40:50.527Z,49,greedy-engine,0.506597,12.00,0.580800,0.601063,13.33,0.682828,0.613732,12.67,0.699735,0.613732,12.67,0.699735,7,718,718
moderate-2to1,150,75,0,inf,100,56,2026-09-03T19:40:50.611Z,50,greedy-engine,0.506597,12.00,0.580800,0.601063,13.33,0.682828,0.613732,12.67,0.699735,0.613732,12.67,0.699735,6,718,718
moderate-2to1,150,75,0,inf,100,57,2026-09-03T19:40:50.690Z,53,greedy-engine,0.506597,12.00,0.580800,0.601063,13.33,0.682828,0.613732,12.67,0.699735,0.613732,12.67,0.699735,7,718,718
moderate-2to1,150,75,0,inf,100,58,2026-09-03T19:40:50.774Z,69,greedy-engine,0.506597,12.00,0.580800,0.601063,13.33,0.682828,0.613732,12.67,0.699735,0.613732,12.67,0.699735,10,718,718
moderate-2to1,150,75,0,inf,100,59,2026-09-03T19:40:50.882Z,55,greedy-engine,0.506597,12.00,0.580800,0.601063,13.33,0.682828,0.613732,12.67,0.699735,0.613732,12.67,0.699735,6,718,718
moderate-2to1,150,75,0,inf,100,60,2026-09-03T19:40:50.965Z,49,greedy-engine,0.506597,12.00,0.580800,0.601063,13.33,0.682828,0.613732,12.67,0.699735,0.613732,12.67,0.699735,6,718,718
moderate-2to1,150,75,0,inf,100,61,2026-09-03T19:40:51.045Z,45,greedy-engine,0.506597,12.00,0.580800,0.601063,13.33,0.682828,0.613732,12.67,0.699735,0.613732,12.67,0.699735,6,718,718
moderate-2to1,150,75,0,inf,100,62,2026-09-03T19:40:51.120Z,47,greedy-engine,0.506597,12.00,0.580800,0.601063,13.33,0.682828,0.613732,12.67,0.699735,0.613732,12.67,0.699735,6,718,718
moderate-2to1,150,75,0,inf,100,63,2026-09-03T19:40:51.196Z,45,greedy-engine,0.506597,12.00,0.580800,0.601063,13.33,0.682828,0.613732,12.67,0.699735,0.613732,12.67,0.699735,6,718,718
moderate-2to1,150,75,0,inf,100,64,2026-09-03T19:40:51.270Z,71,greedy-engine,0.506597,12.00,0.580800,0.601063,13.33,0.682828,0.613732,12.67,0.699735,0.613732,12.67,0.699735,13,718,718
moderate-2to1,150,75,0,inf,100,65,2026-09-03T19:40:51.395Z,63,greedy-engine,0.506597,12.00,0.580800,0.601063,13.33,0.682828,0.613732,12.67,0.699735,0.613732,12.67,0.699735,7,718,718
moderate-2to1,150,75,0,inf,100,66,2026-09-03T19:40:51.491Z,48,greedy-engine,0.506597,12.00,0.580800,0.601063,13.33,0.682828,0.613732,12.67,0.699735,0.613732,12.67,0.699735,6,718,718
moderate-2to1,150,75,0,inf,100,67,2026-09-03T19:40:51.569Z,47,greedy-engine,0.506597,12.00,0.580800,0.601063,13.33,0.682828,0.613732,12.67,0.699735,0.613732,12.67,0.699735,6,718,718
moderate-2to1,150,75,0,inf,100,68,2026-09-03T19:40:51.645Z,50,greedy-engine,0.506597,12.00,0.580800,0.601063,13.33,0.682828,0.613732,12.67,0.699735,0.613732,12.67,0.699735,6,718,718
moderate-2to1,150,75,0,inf,100,69,2026-09-03T19:40:51.727Z,45,greedy-engine,0.506597,12.00,0.580800,0.601063,13.33,0.682828,0.613732,12.67,0.699735,0.613732,12.67,0.699735,6,718,718
moderate-2to1,150,75,0,inf,100,70,2026-09-03T19:40:51.801Z,68,greedy-engine,0.506597,12.00,0.580800,0.601063,13.33,0.682828,0.613732,12.67,0.699735,0.613732,12.67,0.699735,11,718,718
moderate-2to1,150,75,0,inf,100,71,2026-09-03T19:40:51.921Z,53,greedy-engine,0.506597,12.00,0.580800,0.601063,13.33,0.682828,0.613732,12.67,0.699735,0.613732,12.67,0.699735,6,718,718
moderate-2to1,150,75,0,inf,100,72,2026-09-03T19:40:52.005Z,54,greedy-engine,0.506597,12.00,0.580800,0.601063,13.33,0.682828,0.613732,12.67,0.699735,0.613732,12.67,0.699735,6,718,718
moderate-2to1,150,75,0,inf,100,73,2026-09-03T19:40:52.090Z,46,greedy-engine,0.506597,12.00,0.580800,0.601063,13.33,0.682828,0.613732,12.67,0.699735,0.613732,12.67,0.699735,7,718,718
moderate-2to1,150,75,0,inf,100,74,2026-09-03T19:40:52.165Z,45,greedy-engine,0.506597,12.00,0.580800,0.601063,13.33,0.682828,0.613732,12.67,0.699735,0.613732,12.67,0.699735,7,718,718
moderate-2to1,150,75,0,inf,100,75,2026-09-03T19:40:52.245Z,48,greedy-engine,0.506597,12.00,0.580800,0.601063,13.33,0.682828,0.613732,12.67,0.699735,0.613732,12.67,0.699735,5,718,718
moderate-2to1,150,75,0,inf,100,76,2026-09-03T19:40:52.328Z,75,greedy-engine,0.506597,12.00,0.580800,0.601063,13.33,0.682828,0.613732,12.67,0.699735,0.613732,12.67,0.699735,6,718,718
moderate-2to1,150,75,0,inf,100,77,2026-09-03T19:40:52.441Z,55,greedy-engine,0.506597,12.00,0.580800,0.601063,13.33,0.682828,0.613732,12.67,0.699735,0.613732,12.67,0.699735,5,718,718
moderate-2to1,150,75,0,inf,100,78,2026-09-03T19:40:52.525Z,50,greedy-engine,0.506597,12.00,0.580800,0.601063,13.33,0.682828,0.613732,12.67,0.699735,0.613732,12.67,0.699735,6,718,718
moderate-2to1,150,75,0,inf,100,79,2026-09-03T19:40:52.604Z,48,greedy-engine,0.506597,12.00,0.580800,0.601063,13.33,0.682828,0.613732,12.67,0.699735,0.613732,12.67,0.699735,6,718,718
moderate-2to1,150,75,0,inf,100,80,2026-09-03T19:40:52.680Z,48,greedy-engine,0.506597,12.00,0.580800,0.601063,13.33,0.682828,0.613732,12.67,0.699735,0.613732,12.67,0.699735,9,718,718
moderate-2to1,150,75,0,inf,100,81,2026-09-03T19:40:52.760Z,48,greedy-engine,0.506597,12.00,0.580800,0.601063,13.33,0.682828,0.613732,12.67,0.699735,0.613732,12.67,0.699735,6,718,718
moderate-2to1,150,75,0,inf,100,82,2026-09-03T19:40:52.845Z,69,greedy-engine,0.506597,12.00,0.580800,0.601063,13.33,0.682828,0.613732,12.67,0.699735,0.613732,12.67,0.699735,6,718,718
moderate-2to1,150,75,0,inf,100,83,2026-09-03T19:40:52.957Z,62,greedy-engine,0.506597,12.00,0.580800,0.601063,13.33,0.682828,0.613732,12.67,0.699735,0.613732,12.67,0.699735,6,718,718
moderate-2to1,150,75,0,inf,100,84,2026-09-03T19:40:53.049Z,49,greedy-engine,0.506597,12.00,0.580800,0.601063,13.33,0.682828,0.613732,12.67,0.699735,0.613732,12.67,0.699735,6,718,718
moderate-2to1,150,75,0,inf,100,85,2026-09-03T19:40:53.128Z,46,greedy-engine,0.506597,12.00,0.580800,0.601063,13.33,0.682828,0.613732,12.67,0.699735,0.613732,12.67,0.699735,7,718,718
moderate-2to1,150,75,0,inf,100,86,2026-09-03T19:40:53.215Z,45,greedy-engine,0.506597,12.00,0.580800,0.601063,13.33,0.682828,0.613732,12.67,0.699735,0.613732,12.67,0.699735,6,718,718
moderate-2to1,150,75,0,inf,100,87,2026-09-03T19:40:53.293Z,56,greedy-engine,0.506597,12.00,0.580800,0.601063,13.33,0.682828,0.613732,12.67,0.699735,0.613732,12.67,0.699735,11,718,718
moderate-2to1,150,75,0,inf,100,88,2026-09-03T19:40:53.391Z,54,greedy-engine,0.506597,12.00,0.580800,0.601063,13.33,0.682828,0.613732,12.67,0.699735,0.613732,12.67,0.699735,6,718,718
moderate-2to1,150,75,0,inf,100,89,2026-09-03T19:40:53.479Z,62,greedy-engine,0.506597,12.00,0.580800,0.601063,13.33,0.682828,0.613732,12.67,0.699735,0.613732,12.67,0.699735,8,718,718
moderate-2to1,150,75,0,inf,100,90,2026-09-03T19:40:53.581Z,45,greedy-engine,0.506597,12.00,0.580800,0.601063,13.33,0.682828,0.613732,12.67,0.699735,0.613732,12.67,0.699735,5,718,718
moderate-2to1,150,75,0,inf,100,91,2026-09-03T19:40:53.655Z,49,greedy-engine,0.506597,12.00,0.580800,0.601063,13.33,0.682828,0.613732,12.67,0.699735,0.613732,12.67,0.699735,6,718,718
moderate-2to1,150,75,0,inf,100,92,2026-09-03T19:40:53.734Z,47,greedy-engine,0.506597,12.00,0.580800,0.601063,13.33,0.682828,0.613732,12.67,0.699735,0.613732,12.67,0.699735,6,718,718
moderate-2to1,150,75,0,inf,100,93,2026-09-03T19:40:53.811Z,55,greedy-engine,0.506597,12.00,0.580800,0.601063,13.33,0.682828,0.613732,12.67,0.699735,0.613732,12.67,0.699735,10,718,718
moderate-2to1,150,75,0,inf,100,94,2026-09-03T19:40:53.905Z,57,greedy-engine,0.506597,12.00,0.580800,0.601063,13.33,0.682828,0.613732,12.67,0.699735,0.613732,12.67,0.699735,6,718,718
moderate-2to1,150,75,0,inf,100,95,2026-09-03T19:40:53.991Z,54,greedy-engine,0.506597,12.00,0.580800,0.601063,13.33,0.682828,0.613732,12.67,0.699735,0.613732,12.67,0.699735,7,718,718
moderate-2to1,150,75,0,inf,100,96,2026-09-03T19:40:54.081Z,68,greedy-engine,0.506597,12.00,0.580800,0.601063,13.33,0.682828,0.613732,12.67,0.699735,0.613732,12.67,0.699735,7,718,718
moderate-2to1,150,75,0,inf,100,97,2026-09-03T19:40:54.182Z,48,greedy-engine,0.506597,12.00,0.580800,0.601063,13.33,0.682828,0.613732,12.67,0.699735,0.613732,12.67,0.699735,5,718,718
moderate-2to1,150,75,0,inf,100,98,2026-09-03T19:40:54.259Z,47,greedy-engine,0.506597,12.00,0.580800,0.601063,13.33,0.682828,0.613732,12.67,0.699735,0.613732,12.67,0.699735,6,718,718
moderate-2to1,150,75,0,inf,100,99,2026-09-03T19:40:54.336Z,66,greedy-engine,0.506597,12.00,0.580800,0.601063,13.33,0.682828,0.613732,12.67,0.699735,0.613732,12.67,0.699735,7,718,718
moderate-2to1,150,75,0,inf,100,100,2026-09-03T19:40:54.440Z,54,greedy-engine,0.506597,12.00,0.580800,0.601063,13.33,0.682828,0.613732,12.67,0.699735,0.613732,12.67,0.699735,6,718,718
moderate-3to1,150,50,0.05,inf,100,1,2026-09-03T19:40:54.525Z,34,greedy-engine,0.529792,22.00,0.784470,0.585933,20.67,0.850511,0.608823,22.00,0.832158,0.609322,22.00,0.832158,7,537,537
moderate-3to1,150,50,0.05,inf,100,2,2026-09-03T19:40:54.586Z,38,greedy-engine,0.529792,22.00,0.784470,0.585933,20.67,0.850511,0.608823,22.00,0.832158,0.609322,22.00,0.832158,4,537,537
moderate-3to1,150,50,0.05,inf,100,3,2026-09-03T19:40:54.647Z,31,greedy-engine,0.529792,22.00,0.784470,0.585933,20.67,0.850511,0.608823,22.00,0.832158,0.609322,22.00,0.832158,4,537,537
moderate-3to1,150,50,0.05,inf,100,4,2026-09-03T19:40:54.703Z,31,greedy-engine,0.529792,22.00,0.784470,0.585933,20.67,0.850511,0.608823,22.00,0.832158,0.609322,22.00,0.832158,5,537,537
moderate-3to1,150,50,0.05,inf,100,5,2026-09-03T19:40:54.758Z,33,greedy-engine,0.529792,22.00,0.784470,0.585933,20.67,0.850511,0.608823,22.00,0.832158,0.609322,22.00,0.832158,4,537,537
moderate-3to1,150,50,0.05,inf,100,6,2026-09-03T19:40:54.814Z,34,greedy-engine,0.529792,22.00,0.784470,0.585933,20.67,0.850511,0.608823,22.00,0.832158,0.609322,22.00,0.832158,4,537,537
moderate-3to1,150,50,0.05,inf,100,7,2026-09-03T19:40:54.875Z,46,greedy-engine,0.529792,22.00,0.784470,0.585933,20.67,0.850511,0.608823,22.00,0.832158,0.609322,22.00,0.832158,7,537,537
moderate-3to1,150,50,0.05,inf,100,8,2026-09-03T19:40:54.958Z,41,greedy-engine,0.529792,22.00,0.784470,0.585933,20.67,0.850511,0.608823,22.00,0.832158,0.609322,22.00,0.832158,4,537,537
moderate-3to1,150,50,0.05,inf,100,9,2026-09-03T19:40:55.028Z,34,greedy-engine,0.529792,22.00,0.784470,0.585933,20.67,0.850511,0.608823,22.00,0.832158,0.609322,22.00,0.832158,5,537,537
moderate-3to1,150,50,0.05,inf,100,10,2026-09-03T19:40:55.088Z,34,greedy-engine,0.529792,22.00,0.784470,0.585933,20.67,0.850511,0.608823,22.00,0.832158,0.609322,22.00,0.832158,7,537,537
moderate-3to1,150,50,0.05,inf,100,11,2026-09-03T19:40:55.151Z,34,greedy-engine,0.529792,22.00,0.784470,0.585933,20.67,0.850511,0.608823,22.00,0.832158,0.609322,22.00,0.832158,5,537,537
moderate-3to1,150,50,0.05,inf,100,12,2026-09-03T19:40:55.209Z,35,greedy-engine,0.529792,22.00,0.784470,0.585933,20.67,0.850511,0.608823,22.00,0.832158,0.609322,22.00,0.832158,4,537,537
moderate-3to1,150,50,0.05,inf,100,13,2026-09-03T19:40:55.269Z,37,greedy-engine,0.529792,22.00,0.784470,0.585933,20.67,0.850511,0.608823,22.00,0.832158,0.609322,22.00,0.832158,6,537,537
moderate-3to1,150,50,0.05,inf,100,14,2026-09-03T19:40:55.331Z,34,greedy-engine,0.529792,22.00,0.784470,0.585933,20.67,0.850511,0.608823,22.00,0.832158,0.609322,22.00,0.832158,4,537,537
moderate-3to1,150,50,0.05,inf,100,15,2026-09-03T19:40:55.389Z,48,greedy-engine,0.529792,22.00,0.784470,0.585933,20.67,0.850511,0.608823,22.00,0.832158,0.609322,22.00,0.832158,5,537,537
moderate-3to1,150,50,0.05,inf,100,16,2026-09-03T19:40:55.464Z,41,greedy-engine,0.529792,22.00,0.784470,0.585933,20.67,0.850511,0.608823,22.00,0.832158,0.609322,22.00,0.832158,5,537,537
moderate-3to1,150,50,0.05,inf,100,17,2026-09-03T19:40:55.529Z,34,greedy-engine,0.529792,22.00,0.784470,0.585933,20.67,0.850511,0.608823,22.00,0.832158,0.609322,22.00,0.832158,4,537,537
moderate-3to1,150,50,0.05,inf,100,18,2026-09-03T19:40:55.587Z,33,greedy-engine,0.529792,22.00,0.784470,0.585933,20.67,0.850511,0.608823,22.00,0.832158,0.609322,22.00,0.832158,5,537,537
moderate-3to1,150,50,0.05,inf,100,19,2026-09-03T19:40:55.646Z,32,greedy-engine,0.529792,22.00,0.784470,0.585933,20.67,0.850511,0.608823,22.00,0.832158,0.609322,22.00,0.832158,4,537,537
moderate-3to1,150,50,0.05,inf,100,20,2026-09-03T19:40:55.707Z,56,greedy-engine,0.529792,22.00,0.784470,0.585933,20.67,0.850511,0.608823,22.00,0.832158,0.609322,22.00,0.832158,4,537,537
moderate-3to1,150,50,0.05,inf,100,21,2026-09-03T19:40:55.792Z,32,greedy-engine,0.529792,22.00,0.784470,0.585933,20.67,0.850511,0.608823,22.00,0.832158,0.609322,22.00,0.832158,5,537,537
moderate-3to1,150,50,0.05,inf,100,22,2026-09-03T19:40:55.850Z,35,greedy-engine,0.529792,22.00,0.784470,0.585933,20.67,0.850511,0.608823,22.00,0.832158,0.609322,22.00,0.832158,4,537,537
moderate-3to1,150,50,0.05,inf,100,23,2026-09-03T19:40:55.918Z,47,greedy-engine,0.529792,22.00,0.784470,0.585933,20.67,0.850511,0.608823,22.00,0.832158,0.609322,22.00,0.832158,5,537,537
moderate-3to1,150,50,0.05,inf,100,24,2026-09-03T19:40:56.000Z,33,greedy-engine,0.529792,22.00,0.784470,0.585933,20.67,0.850511,0.608823,22.00,0.832158,0.609322,22.00,0.832158,5,537,537
moderate-3to1,150,50,0.05,inf,100,25,2026-09-03T19:40:56.061Z,36,greedy-engine,0.529792,22.00,0.784470,0.585933,20.67,0.850511,0.608823,22.00,0.832158,0.609322,22.00,0.832158,5,537,537
moderate-3to1,150,50,0.05,inf,100,26,2026-09-03T19:40:56.124Z,36,greedy-engine,0.529792,22.00,0.784470,0.585933,20.67,0.850511,0.608823,22.00,0.832158,0.609322,22.00,0.832158,4,537,537
moderate-3to1,150,50,0.05,inf,100,27,2026-09-03T19:40:56.183Z,32,greedy-engine,0.529792,22.00,0.784470,0.585933,20.67,0.850511,0.608823,22.00,0.832158,0.609322,22.00,0.832158,5,537,537
moderate-3to1,150,50,0.05,inf,100,28,2026-09-03T19:40:56.240Z,32,greedy-engine,0.529792,22.00,0.784470,0.585933,20.67,0.850511,0.608823,22.00,0.832158,0.609322,22.00,0.832158,4,537,537
moderate-3to1,150,50,0.05,inf,100,29,2026-09-03T19:40:56.295Z,33,greedy-engine,0.529792,22.00,0.784470,0.585933,20.67,0.850511,0.608823,22.00,0.832158,0.609322,22.00,0.832158,4,537,537
moderate-3to1,150,50,0.05,inf,100,30,2026-09-03T19:40:56.354Z,32,greedy-engine,0.529792,22.00,0.784470,0.585933,20.67,0.850511,0.608823,22.00,0.832158,0.609322,22.00,0.832158,5,537,537
moderate-3to1,150,50,0.05,inf,100,31,2026-09-03T19:40:56.415Z,48,greedy-engine,0.529792,22.00,0.784470,0.585933,20.67,0.850511,0.608823,22.00,0.832158,0.609322,22.00,0.832158,7,537,537
moderate-3to1,150,50,0.05,inf,100,32,2026-09-03T19:40:56.498Z,40,greedy-engine,0.529792,22.00,0.784470,0.585933,20.67,0.850511,0.608823,22.00,0.832158,0.609322,22.00,0.832158,4,537,537
moderate-3to1,150,50,0.05,inf,100,33,2026-09-03T19:40:56.563Z,33,greedy-engine,0.529792,22.00,0.784470,0.585933,20.67,0.850511,0.608823,22.00,0.832158,0.609322,22.00,0.832158,5,537,537
moderate-3to1,150,50,0.05,inf,100,34,2026-09-03T19:40:56.624Z,36,greedy-engine,0.529792,22.00,0.784470,0.585933,20.67,0.850511,0.608823,22.00,0.832158,0.609322,22.00,0.832158,5,537,537
moderate-3to1,150,50,0.05,inf,100,35,2026-09-03T19:40:56.684Z,34,greedy-engine,0.529792,22.00,0.784470,0.585933,20.67,0.850511,0.608823,22.00,0.832158,0.609322,22.00,0.832158,5,537,537
moderate-3to1,150,50,0.05,inf,100,36,2026-09-03T19:40:56.743Z,34,greedy-engine,0.529792,22.00,0.784470,0.585933,20.67,0.850511,0.608823,22.00,0.832158,0.609322,22.00,0.832158,6,537,537
moderate-3to1,150,50,0.05,inf,100,37,2026-09-03T19:40:56.806Z,33,greedy-engine,0.529792,22.00,0.784470,0.585933,20.67,0.850511,0.608823,22.00,0.832158,0.609322,22.00,0.832158,5,537,537
moderate-3to1,150,50,0.05,inf,100,38,2026-09-03T19:40:56.864Z,34,greedy-engine,0.529792,22.00,0.784470,0.585933,20.67,0.850511,0.608823,22.00,0.832158,0.609322,22.00,0.832158,5,537,537
moderate-3to1,150,50,0.05,inf,100,39,2026-09-03T19:40:56.932Z,75,greedy-engine,0.529792,22.00,0.784470,0.585933,20.67,0.850511,0.608823,22.00,0.832158,0.609322,22.00,0.832158,5,537,537
moderate-3to1,150,50,0.05,inf,100,40,2026-09-03T19:40:57.033Z,40,greedy-engine,0.529792,22.00,0.784470,0.585933,20.67,0.850511,0.608823,22.00,0.832158,0.609322,22.00,0.832158,6,537,537
moderate-3to1,150,50,0.05,inf,100,41,2026-09-03T19:40:57.108Z,32,greedy-engine,0.529792,22.00,0.784470,0.585933,20.67,0.850511,0.608823,22.00,0.832158,0.609322,22.00,0.832158,5,537,537
moderate-3to1,150,50,0.05,inf,100,42,2026-09-03T19:40:57.165Z,36,greedy-engine,0.529792,22.00,0.784470,0.585933,20.67,0.850511,0.608823,22.00,0.832158,0.609322,22.00,0.832158,5,537,537
moderate-3to1,150,50,0.05,inf,100,43,2026-09-03T19:40:57.227Z,33,greedy-engine,0.529792,22.00,0.784470,0.585933,20.67,0.850511,0.608823,22.00,0.832158,0.609322,22.00,0.832158,4,537,537
moderate-3to1,150,50,0.05,inf,100,44,2026-09-03T19:40:57.285Z,33,greedy-engine,0.529792,22.00,0.784470,0.585933,20.67,0.850511,0.608823,22.00,0.832158,0.609322,22.00,0.832158,4,537,537
moderate-3to1,150,50,0.05,inf,100,45,2026-09-03T19:40:57.344Z,34,greedy-engine,0.529792,22.00,0.784470,0.585933,20.67,0.850511,0.608823,22.00,0.832158,0.609322,22.00,0.832158,4,537,537
moderate-3to1,150,50,0.05,inf,100,46,2026-09-03T19:40:57.405Z,41,greedy-engine,0.529792,22.00,0.784470,0.585933,20.67,0.850511,0.608823,22.00,0.832158,0.609322,22.00,0.832158,7,537,537
moderate-3to1,150,50,0.05,inf,100,47,2026-09-03T19:40:57.479Z,36,greedy-engine,0.529792,22.00,0.784470,0.585933,20.67,0.850511,0.608823,22.00,0.832158,0.609322,22.00,0.832158,9,537,537
moderate-3to1,150,50,0.05,inf,100,48,2026-09-03T19:40:57.548Z,42,greedy-engine,0.529792,22.00,0.784470,0.585933,20.67,0.850511,0.608823,22.00,0.832158,0.609322,22.00,0.832158,4,537,537
moderate-3to1,150,50,0.05,inf,100,49,2026-09-03T19:40:57.615Z,32,greedy-engine,0.529792,22.00,0.784470,0.585933,20.67,0.850511,0.608823,22.00,0.832158,0.609322,22.00,0.832158,5,537,537
moderate-3to1,150,50,0.05,inf,100,50,2026-09-03T19:40:57.678Z,31,greedy-engine,0.529792,22.00,0.784470,0.585933,20.67,0.850511,0.608823,22.00,0.832158,0.609322,22.00,0.832158,4,537,537
moderate-3to1,150,50,0.05,inf,100,51,2026-09-03T19:40:57.732Z,32,greedy-engine,0.529792,22.00,0.784470,0.585933,20.67,0.850511,0.608823,22.00,0.832158,0.609322,22.00,0.832158,5,537,537
moderate-3to1,150,50,0.05,inf,100,52,2026-09-03T19:40:57.790Z,39,greedy-engine,0.529792,22.00,0.784470,0.585933,20.67,0.850511,0.608823,22.00,0.832158,0.609322,22.00,0.832158,4,537,537
moderate-3to1,150,50,0.05,inf,100,53,2026-09-03T19:40:57.860Z,34,greedy-engine,0.529792,22.00,0.784470,0.585933,20.67,0.850511,0.608823,22.00,0.832158,0.609322,22.00,0.832158,5,537,537
moderate-3to1,150,50,0.05,inf,100,54,2026-09-03T19:40:57.930Z,67,greedy-engine,0.529792,22.00,0.784470,0.585933,20.67,0.850511,0.608823,22.00,0.832158,0.609322,22.00,0.832158,4,537,537
moderate-3to1,150,50,0.05,inf,100,55,2026-09-03T19:40:58.032Z,41,greedy-engine,0.529792,22.00,0.784470,0.585933,20.67,0.850511,0.608823,22.00,0.832158,0.609322,22.00,0.832158,4,537,537
moderate-3to1,150,50,0.05,inf,100,56,2026-09-03T19:40:58.100Z,33,greedy-engine,0.529792,22.00,0.784470,0.585933,20.67,0.850511,0.608823,22.00,0.832158,0.609322,22.00,0.832158,5,537,537
moderate-3to1,150,50,0.05,inf,100,57,2026-09-03T19:40:58.157Z,35,greedy-engine,0.529792,22.00,0.784470,0.585933,20.67,0.850511,0.608823,22.00,0.832158,0.609322,22.00,0.832158,4,537,537
moderate-3to1,150,50,0.05,inf,100,58,2026-09-03T19:40:58.217Z,34,greedy-engine,0.529792,22.00,0.784470,0.585933,20.67,0.850511,0.608823,22.00,0.832158,0.609322,22.00,0.832158,5,537,537
moderate-3to1,150,50,0.05,inf,100,59,2026-09-03T19:40:58.279Z,31,greedy-engine,0.529792,22.00,0.784470,0.585933,20.67,0.850511,0.608823,22.00,0.832158,0.609322,22.00,0.832158,6,537,537
moderate-3to1,150,50,0.05,inf,100,60,2026-09-03T19:40:58.335Z,35,greedy-engine,0.529792,22.00,0.784470,0.585933,20.67,0.850511,0.608823,22.00,0.832158,0.609322,22.00,0.832158,4,537,537
moderate-3to1,150,50,0.05,inf,100,61,2026-09-03T19:40:58.394Z,37,greedy-engine,0.529792,22.00,0.784470,0.585933,20.67,0.850511,0.608823,22.00,0.832158,0.609322,22.00,0.832158,8,537,537
moderate-3to1,150,50,0.05,inf,100,62,2026-09-03T19:40:58.470Z,43,greedy-engine,0.529792,22.00,0.784470,0.585933,20.67,0.850511,0.608823,22.00,0.832158,0.609322,22.00,0.832158,5,537,537
moderate-3to1,150,50,0.05,inf,100,63,2026-09-03T19:40:58.543Z,35,greedy-engine,0.529792,22.00,0.784470,0.585933,20.67,0.850511,0.608823,22.00,0.832158,0.609322,22.00,0.832158,5,537,537
moderate-3to1,150,50,0.05,inf,100,64,2026-09-03T19:40:58.604Z,36,greedy-engine,0.529792,22.00,0.784470,0.585933,20.67,0.850511,0.608823,22.00,0.832158,0.609322,22.00,0.832158,5,537,537
moderate-3to1,150,50,0.05,inf,100,65,2026-09-03T19:40:58.669Z,33,greedy-engine,0.529792,22.00,0.784470,0.585933,20.67,0.850511,0.608823,22.00,0.832158,0.609322,22.00,0.832158,5,537,537
moderate-3to1,150,50,0.05,inf,100,66,2026-09-03T19:40:58.727Z,33,greedy-engine,0.529792,22.00,0.784470,0.585933,20.67,0.850511,0.608823,22.00,0.832158,0.609322,22.00,0.832158,6,537,537
moderate-3to1,150,50,0.05,inf,100,67,2026-09-03T19:40:58.786Z,33,greedy-engine,0.529792,22.00,0.784470,0.585933,20.67,0.850511,0.608823,22.00,0.832158,0.609322,22.00,0.832158,4,537,537
moderate-3to1,150,50,0.05,inf,100,68,2026-09-03T19:40:58.844Z,36,greedy-engine,0.529792,22.00,0.784470,0.585933,20.67,0.850511,0.608823,22.00,0.832158,0.609322,22.00,0.832158,4,537,537
moderate-3to1,150,50,0.05,inf,100,69,2026-09-03T19:40:58.906Z,43,greedy-engine,0.529792,22.00,0.784470,0.585933,20.67,0.850511,0.608823,22.00,0.832158,0.609322,22.00,0.832158,9,537,537
moderate-3to1,150,50,0.05,inf,100,70,2026-09-03T19:40:58.984Z,46,greedy-engine,0.529792,22.00,0.784470,0.585933,20.67,0.850511,0.608823,22.00,0.832158,0.609322,22.00,0.832158,5,537,537
moderate-3to1,150,50,0.05,inf,100,71,2026-09-03T19:40:59.059Z,34,greedy-engine,0.529792,22.00,0.784470,0.585933,20.67,0.850511,0.608823,22.00,0.832158,0.609322,22.00,0.832158,5,537,537
moderate-3to1,150,50,0.05,inf,100,72,2026-09-03T19:40:59.118Z,35,greedy-engine,0.529792,22.00,0.784470,0.585933,20.67,0.850511,0.608823,22.00,0.832158,0.609322,22.00,0.832158,4,537,537
moderate-3to1,150,50,0.05,inf,100,73,2026-09-03T19:40:59.180Z,36,greedy-engine,0.529792,22.00,0.784470,0.585933,20.67,0.850511,0.608823,22.00,0.832158,0.609322,22.00,0.832158,4,537,537
moderate-3to1,150,50,0.05,inf,100,74,2026-09-03T19:40:59.243Z,32,greedy-engine,0.529792,22.00,0.784470,0.585933,20.67,0.850511,0.608823,22.00,0.832158,0.609322,22.00,0.832158,4,537,537
moderate-3to1,150,50,0.05,inf,100,75,2026-09-03T19:40:59.300Z,33,greedy-engine,0.529792,22.00,0.784470,0.585933,20.67,0.850511,0.608823,22.00,0.832158,0.609322,22.00,0.832158,4,537,537
moderate-3to1,150,50,0.05,inf,100,76,2026-09-03T19:40:59.359Z,31,greedy-engine,0.529792,22.00,0.784470,0.585933,20.67,0.850511,0.608823,22.00,0.832158,0.609322,22.00,0.832158,4,537,537
moderate-3to1,150,50,0.05,inf,100,77,2026-09-03T19:40:59.416Z,37,greedy-engine,0.529792,22.00,0.784470,0.585933,20.67,0.850511,0.608823,22.00,0.832158,0.609322,22.00,0.832158,8,537,537
moderate-3to1,150,50,0.05,inf,100,78,2026-09-03T19:40:59.489Z,48,greedy-engine,0.529792,22.00,0.784470,0.585933,20.67,0.850511,0.608823,22.00,0.832158,0.609322,22.00,0.832158,6,537,537
moderate-3to1,150,50,0.05,inf,100,79,2026-09-03T19:40:59.567Z,36,greedy-engine,0.529792,22.00,0.784470,0.585933,20.67,0.850511,0.608823,22.00,0.832158,0.609322,22.00,0.832158,5,537,537
moderate-3to1,150,50,0.05,inf,100,80,2026-09-03T19:40:59.628Z,34,greedy-engine,0.529792,22.00,0.784470,0.585933,20.67,0.850511,0.608823,22.00,0.832158,0.609322,22.00,0.832158,5,537,537
moderate-3to1,150,50,0.05,inf,100,81,2026-09-03T19:40:59.687Z,33,greedy-engine,0.529792,22.00,0.784470,0.585933,20.67,0.850511,0.608823,22.00,0.832158,0.609322,22.00,0.832158,4,537,537
moderate-3to1,150,50,0.05,inf,100,82,2026-09-03T19:40:59.744Z,32,greedy-engine,0.529792,22.00,0.784470,0.585933,20.67,0.850511,0.608823,22.00,0.832158,0.609322,22.00,0.832158,5,537,537
moderate-3to1,150,50,0.05,inf,100,83,2026-09-03T19:40:59.804Z,31,greedy-engine,0.529792,22.00,0.784470,0.585933,20.67,0.850511,0.608823,22.00,0.832158,0.609322,22.00,0.832158,5,537,537
moderate-3to1,150,50,0.05,inf,100,84,2026-09-03T19:40:59.862Z,37,greedy-engine,0.529792,22.00,0.784470,0.585933,20.67,0.850511,0.608823,22.00,0.832158,0.609322,22.00,0.832158,4,537,537
moderate-3to1,150,50,0.05,inf,100,85,2026-09-03T19:40:59.924Z,39,greedy-engine,0.529792,22.00,0.784470,0.585933,20.67,0.850511,0.608823,22.00,0.832158,0.609322,22.00,0.832158,7,537,537
moderate-3to1,150,50,0.05,inf,100,86,2026-09-03T19:41:00.007Z,51,greedy-engine,0.529792,22.00,0.784470,0.585933,20.67,0.850511,0.608823,22.00,0.832158,0.609322,22.00,0.832158,6,537,537
moderate-3to1,150,50,0.05,inf,100,87,2026-09-03T19:41:00.089Z,44,greedy-engine,0.529792,22.00,0.784470,0.585933,20.67,0.850511,0.608823,22.00,0.832158,0.609322,22.00,0.832158,5,537,537
moderate-3to1,150,50,0.05,inf,100,88,2026-09-03T19:41:00.163Z,37,greedy-engine,0.529792,22.00,0.784470,0.585933,20.67,0.850511,0.608823,22.00,0.832158,0.609322,22.00,0.832158,8,537,537
moderate-3to1,150,50,0.05,inf,100,89,2026-09-03T19:41:00.234Z,36,greedy-engine,0.529792,22.00,0.784470,0.585933,20.67,0.850511,0.608823,22.00,0.832158,0.609322,22.00,0.832158,4,537,537
moderate-3to1,150,50,0.05,inf,100,90,2026-09-03T19:41:00.301Z,35,greedy-engine,0.529792,22.00,0.784470,0.585933,20.67,0.850511,0.608823,22.00,0.832158,0.609322,22.00,0.832158,4,537,537
moderate-3to1,150,50,0.05,inf,100,91,2026-09-03T19:41:00.364Z,31,greedy-engine,0.529792,22.00,0.784470,0.585933,20.67,0.850511,0.608823,22.00,0.832158,0.609322,22.00,0.832158,5,537,537
moderate-3to1,150,50,0.05,inf,100,92,2026-09-03T19:41:00.421Z,34,greedy-engine,0.529792,22.00,0.784470,0.585933,20.67,0.850511,0.608823,22.00,0.832158,0.609322,22.00,0.832158,8,537,537
moderate-3to1,150,50,0.05,inf,100,93,2026-09-03T19:41:00.496Z,44,greedy-engine,0.529792,22.00,0.784470,0.585933,20.67,0.850511,0.608823,22.00,0.832158,0.609322,22.00,0.832158,4,537,537
moderate-3to1,150,50,0.05,inf,100,94,2026-09-03T19:41:00.568Z,37,greedy-engine,0.529792,22.00,0.784470,0.585933,20.67,0.850511,0.608823,22.00,0.832158,0.609322,22.00,0.832158,5,537,537
moderate-3to1,150,50,0.05,inf,100,95,2026-09-03T19:41:00.630Z,35,greedy-engine,0.529792,22.00,0.784470,0.585933,20.67,0.850511,0.608823,22.00,0.832158,0.609322,22.00,0.832158,5,537,537
moderate-3to1,150,50,0.05,inf,100,96,2026-09-03T19:41:00.689Z,34,greedy-engine,0.529792,22.00,0.784470,0.585933,20.67,0.850511,0.608823,22.00,0.832158,0.609322,22.00,0.832158,5,537,537
moderate-3to1,150,50,0.05,inf,100,97,2026-09-03T19:41:00.755Z,33,greedy-engine,0.529792,22.00,0.784470,0.585933,20.67,0.850511,0.608823,22.00,0.832158,0.609322,22.00,0.832158,4,537,537
moderate-3to1,150,50,0.05,inf,100,98,2026-09-03T19:41:00.820Z,63,greedy-engine,0.529792,22.00,0.784470,0.585933,20.67,0.850511,0.608823,22.00,0.832158,0.609322,22.00,0.832158,8,537,537
moderate-3to1,150,50,0.05,inf,100,99,2026-09-03T19:41:00.929Z,39,greedy-engine,0.529792,22.00,0.784470,0.585933,20.67,0.850511,0.608823,22.00,0.832158,0.609322,22.00,0.832158,5,537,537
moderate-3to1,150,50,0.05,inf,100,100,2026-09-03T19:41:00.998Z,39,greedy-engine,0.529792,22.00,0.784470,0.585933,20.67,0.850511,0.608823,22.00,0.832158,0.609322,22.00,0.832158,6,537,537
moderate-3to1,150,50,0,inf,100,1,2026-09-03T19:41:01.077Z,40,da-stable,0.522586,22.00,0.784470,0.579671,21.33,0.849024,0.604647,22.00,0.832158,0.604647,22.00,0.832158,5,537,537
moderate-3to1,150,50,0,inf,100,2,2026-09-03T19:41:01.149Z,43,da-stable,0.522586,22.00,0.784470,0.579671,21.33,0.849024,0.604647,22.00,0.832158,0.604647,22.00,0.832158,5,537,537
moderate-3to1,150,50,0,inf,100,3,2026-09-03T19:41:01.223Z,53,da-stable,0.522586,22.00,0.784470,0.579671,21.33,0.849024,0.604647,22.00,0.832158,0.604647,22.00,0.832158,5,537,537
moderate-3to1,150,50,0,inf,100,4,2026-09-03T19:41:01.301Z,37,da-stable,0.522586,22.00,0.784470,0.579671,21.33,0.849024,0.604647,22.00,0.832158,0.604647,22.00,0.832158,4,537,537
moderate-3to1,150,50,0,inf,100,5,2026-09-03T19:41:01.376Z,38,da-stable,0.522586,22.00,0.784470,0.579671,21.33,0.849024,0.604647,22.00,0.832158,0.604647,22.00,0.832158,5,537,537
moderate-3to1,150,50,0,inf,100,6,2026-09-03T19:41:01.442Z,38,da-stable,0.522586,22.00,0.784470,0.579671,21.33,0.849024,0.604647,22.00,0.832158,0.604647,22.00,0.832158,5,537,537
moderate-3to1,150,50,0,inf,100,7,2026-09-03T19:41:01.507Z,38,da-stable,0.522586,22.00,0.784470,0.579671,21.33,0.849024,0.604647,22.00,0.832158,0.604647,22.00,0.832158,6,537,537
moderate-3to1,150,50,0,inf,100,8,2026-09-03T19:41:01.580Z,43,da-stable,0.522586,22.00,0.784470,0.579671,21.33,0.849024,0.604647,22.00,0.832158,0.604647,22.00,0.832158,5,537,537
moderate-3to1,150,50,0,inf,100,9,2026-09-03T19:41:01.654Z,40,da-stable,0.522586,22.00,0.784470,0.579671,21.33,0.849024,0.604647,22.00,0.832158,0.604647,22.00,0.832158,5,537,537
moderate-3to1,150,50,0,inf,100,10,2026-09-03T19:41:01.722Z,48,da-stable,0.522586,22.00,0.784470,0.579671,21.33,0.849024,0.604647,22.00,0.832158,0.604647,22.00,0.832158,5,537,537
moderate-3to1,150,50,0,inf,100,11,2026-09-03T19:41:01.799Z,61,da-stable,0.522586,22.00,0.784470,0.579671,21.33,0.849024,0.604647,22.00,0.832158,0.604647,22.00,0.832158,8,537,537
moderate-3to1,150,50,0,inf,100,12,2026-09-03T19:41:01.908Z,83,da-stable,0.522586,22.00,0.784470,0.579671,21.33,0.849024,0.604647,22.00,0.832158,0.604647,22.00,0.832158,18,537,537
moderate-3to1,150,50,0,inf,100,13,2026-09-03T19:41:02.053Z,34,da-stable,0.522586,22.00,0.784470,0.579671,21.33,0.849024,0.604647,22.00,0.832158,0.604647,22.00,0.832158,4,537,537
moderate-3to1,150,50,0,inf,100,14,2026-09-03T19:41:02.113Z,34,da-stable,0.522586,22.00,0.784470,0.579671,21.33,0.849024,0.604647,22.00,0.832158,0.604647,22.00,0.832158,5,537,537
moderate-3to1,150,50,0,inf,100,15,2026-09-03T19:41:02.173Z,32,da-stable,0.522586,22.00,0.784470,0.579671,21.33,0.849024,0.604647,22.00,0.832158,0.604647,22.00,0.832158,5,537,537
moderate-3to1,150,50,0,inf,100,16,2026-09-03T19:41:02.229Z,38,da-stable,0.522586,22.00,0.784470,0.579671,21.33,0.849024,0.604647,22.00,0.832158,0.604647,22.00,0.832158,5,537,537
moderate-3to1,150,50,0,inf,100,17,2026-09-03T19:41:02.294Z,69,da-stable,0.522586,22.00,0.784470,0.579671,21.33,0.849024,0.604647,22.00,0.832158,0.604647,22.00,0.832158,9,537,537
moderate-3to1,150,50,0,inf,100,18,2026-09-03T19:41:02.409Z,54,da-stable,0.522586,22.00,0.784470,0.579671,21.33,0.849024,0.604647,22.00,0.832158,0.604647,22.00,0.832158,9,537,537
moderate-3to1,150,50,0,inf,100,19,2026-09-03T19:41:02.506Z,38,da-stable,0.522586,22.00,0.784470,0.579671,21.33,0.849024,0.604647,22.00,0.832158,0.604647,22.00,0.832158,5,537,537
moderate-3to1,150,50,0,inf,100,20,2026-09-03T19:41:02.573Z,41,da-stable,0.522586,22.00,0.784470,0.579671,21.33,0.849024,0.604647,22.00,0.832158,0.604647,22.00,0.832158,6,537,537
moderate-3to1,150,50,0,inf,100,21,2026-09-03T19:41:02.661Z,41,da-stable,0.522586,22.00,0.784470,0.579671,21.33,0.849024,0.604647,22.00,0.832158,0.604647,22.00,0.832158,6,537,537
moderate-3to1,150,50,0,inf,100,22,2026-09-03T19:41:02.736Z,35,da-stable,0.522586,22.00,0.784470,0.579671,21.33,0.849024,0.604647,22.00,0.832158,0.604647,22.00,0.832158,4,537,537
moderate-3to1,150,50,0,inf,100,23,2026-09-03T19:41:02.795Z,53,da-stable,0.522586,22.00,0.784470,0.579671,21.33,0.849024,0.604647,22.00,0.832158,0.604647,22.00,0.832158,7,537,537
moderate-3to1,150,50,0,inf,100,24,2026-09-03T19:41:02.889Z,47,da-stable,0.522586,22.00,0.784470,0.579671,21.33,0.849024,0.604647,22.00,0.832158,0.604647,22.00,0.832158,5,537,537
moderate-3to1,150,50,0,inf,100,25,2026-09-03T19:41:02.962Z,40,da-stable,0.522586,22.00,0.784470,0.579671,21.33,0.849024,0.604647,22.00,0.832158,0.604647,22.00,0.832158,4,537,537
moderate-3to1,150,50,0,inf,100,26,2026-09-03T19:41:03.029Z,40,da-stable,0.522586,22.00,0.784470,0.579671,21.33,0.849024,0.604647,22.00,0.832158,0.604647,22.00,0.832158,4,537,537
moderate-3to1,150,50,0,inf,100,27,2026-09-03T19:41:03.094Z,33,da-stable,0.522586,22.00,0.784470,0.579671,21.33,0.849024,0.604647,22.00,0.832158,0.604647,22.00,0.832158,5,537,537
moderate-3to1,150,50,0,inf,100,28,2026-09-03T19:41:03.152Z,38,da-stable,0.522586,22.00,0.784470,0.579671,21.33,0.849024,0.604647,22.00,0.832158,0.604647,22.00,0.832158,5,537,537
moderate-3to1,150,50,0,inf,100,29,2026-09-03T19:41:03.215Z,37,da-stable,0.522586,22.00,0.784470,0.579671,21.33,0.849024,0.604647,22.00,0.832158,0.604647,22.00,0.832158,5,537,537
moderate-3to1,150,50,0,inf,100,30,2026-09-03T19:41:03.277Z,33,da-stable,0.522586,22.00,0.784470,0.579671,21.33,0.849024,0.604647,22.00,0.832158,0.604647,22.00,0.832158,6,537,537
moderate-3to1,150,50,0,inf,100,31,2026-09-03T19:41:03.348Z,63,da-stable,0.522586,22.00,0.784470,0.579671,21.33,0.849024,0.604647,22.00,0.832158,0.604647,22.00,0.832158,5,537,537
moderate-3to1,150,50,0,inf,100,32,2026-09-03T19:41:03.446Z,34,da-stable,0.522586,22.00,0.784470,0.579671,21.33,0.849024,0.604647,22.00,0.832158,0.604647,22.00,0.832158,4,537,537
moderate-3to1,150,50,0,inf,100,33,2026-09-03T19:41:03.507Z,33,da-stable,0.522586,22.00,0.784470,0.579671,21.33,0.849024,0.604647,22.00,0.832158,0.604647,22.00,0.832158,4,537,537
moderate-3to1,150,50,0,inf,100,34,2026-09-03T19:41:03.566Z,37,da-stable,0.522586,22.00,0.784470,0.579671,21.33,0.849024,0.604647,22.00,0.832158,0.604647,22.00,0.832158,4,537,537
moderate-3to1,150,50,0,inf,100,35,2026-09-03T19:41:03.629Z,33,da-stable,0.522586,22.00,0.784470,0.579671,21.33,0.849024,0.604647,22.00,0.832158,0.604647,22.00,0.832158,5,537,537
moderate-3to1,150,50,0,inf,100,36,2026-09-03T19:41:03.691Z,34,da-stable,0.522586,22.00,0.784470,0.579671,21.33,0.849024,0.604647,22.00,0.832158,0.604647,22.00,0.832158,6,537,537
moderate-3to1,150,50,0,inf,100,37,2026-09-03T19:41:03.754Z,33,da-stable,0.522586,22.00,0.784470,0.579671,21.33,0.849024,0.604647,22.00,0.832158,0.604647,22.00,0.832158,5,537,537
moderate-3to1,150,50,0,inf,100,38,2026-09-03T19:41:03.815Z,61,da-stable,0.522586,22.00,0.784470,0.579671,21.33,0.849024,0.604647,22.00,0.832158,0.604647,22.00,0.832158,9,537,537
moderate-3to1,150,50,0,inf,100,39,2026-09-03T19:41:03.926Z,49,da-stable,0.522586,22.00,0.784470,0.579671,21.33,0.849024,0.604647,22.00,0.832158,0.604647,22.00,0.832158,5,537,537
moderate-3to1,150,50,0,inf,100,40,2026-09-03T19:41:04.017Z,42,da-stable,0.522586,22.00,0.784470,0.579671,21.33,0.849024,0.604647,22.00,0.832158,0.604647,22.00,0.832158,6,537,537
moderate-3to1,150,50,0,inf,100,41,2026-09-03T19:41:04.092Z,43,da-stable,0.522586,22.00,0.784470,0.579671,21.33,0.849024,0.604647,22.00,0.832158,0.604647,22.00,0.832158,5,537,537
moderate-3to1,150,50,0,inf,100,42,2026-09-03T19:41:04.163Z,43,da-stable,0.522586,22.00,0.784470,0.579671,21.33,0.849024,0.604647,22.00,0.832158,0.604647,22.00,0.832158,9,537,537
moderate-3to1,150,50,0,inf,100,43,2026-09-03T19:41:04.251Z,35,da-stable,0.522586,22.00,0.784470,0.579671,21.33,0.849024,0.604647,22.00,0.832158,0.604647,22.00,0.832158,4,537,537
moderate-3to1,150,50,0,inf,100,44,2026-09-03T19:41:04.310Z,37,da-stable,0.522586,22.00,0.784470,0.579671,21.33,0.849024,0.604647,22.00,0.832158,0.604647,22.00,0.832158,11,537,537
moderate-3to1,150,50,0,inf,100,45,2026-09-03T19:41:04.391Z,46,da-stable,0.522586,22.00,0.784470,0.579671,21.33,0.849024,0.604647,22.00,0.832158,0.604647,22.00,0.832158,10,537,537
moderate-3to1,150,50,0,inf,100,46,2026-09-03T19:41:04.468Z,34,da-stable,0.522586,22.00,0.784470,0.579671,21.33,0.849024,0.604647,22.00,0.832158,0.604647,22.00,0.832158,4,537,537
moderate-3to1,150,50,0,inf,100,47,2026-09-03T19:41:04.528Z,47,da-stable,0.522586,22.00,0.784470,0.579671,21.33,0.849024,0.604647,22.00,0.832158,0.604647,22.00,0.832158,8,537,537
moderate-3to1,150,50,0,inf,100,48,2026-09-03T19:41:04.611Z,34,da-stable,0.522586,22.00,0.784470,0.579671,21.33,0.849024,0.604647,22.00,0.832158,0.604647,22.00,0.832158,5,537,537
moderate-3to1,150,50,0,inf,100,49,2026-09-03T19:41:04.671Z,38,da-stable,0.522586,22.00,0.784470,0.579671,21.33,0.849024,0.604647,22.00,0.832158,0.604647,22.00,0.832158,5,537,537
moderate-3to1,150,50,0,inf,100,50,2026-09-03T19:41:04.741Z,37,da-stable,0.522586,22.00,0.784470,0.579671,21.33,0.849024,0.604647,22.00,0.832158,0.604647,22.00,0.832158,4,537,537
moderate-3to1,150,50,0,inf,100,51,2026-09-03T19:41:04.805Z,37,da-stable,0.522586,22.00,0.784470,0.579671,21.33,0.849024,0.604647,22.00,0.832158,0.604647,22.00,0.832158,9,537,537
moderate-3to1,150,50,0,inf,100,52,2026-09-03T19:41:04.883Z,46,da-stable,0.522586,22.00,0.784470,0.579671,21.33,0.849024,0.604647,22.00,0.832158,0.604647,22.00,0.832158,9,537,537
moderate-3to1,150,50,0,inf,100,53,2026-09-03T19:41:04.967Z,41,da-stable,0.522586,22.00,0.784470,0.579671,21.33,0.849024,0.604647,22.00,0.832158,0.604647,22.00,0.832158,5,537,537
moderate-3to1,150,50,0,inf,100,54,2026-09-03T19:41:05.035Z,39,da-stable,0.522586,22.00,0.784470,0.579671,21.33,0.849024,0.604647,22.00,0.832158,0.604647,22.00,0.832158,5,537,537
moderate-3to1,150,50,0,inf,100,55,2026-09-03T19:41:05.110Z,38,da-stable,0.522586,22.00,0.784470,0.579671,21.33,0.849024,0.604647,22.00,0.832158,0.604647,22.00,0.832158,5,537,537
moderate-3to1,150,50,0,inf,100,56,2026-09-03T19:41:05.172Z,34,da-stable,0.522586,22.00,0.784470,0.579671,21.33,0.849024,0.604647,22.00,0.832158,0.604647,22.00,0.832158,6,537,537
moderate-3to1,150,50,0,inf,100,57,2026-09-03T19:41:05.231Z,33,da-stable,0.522586,22.00,0.784470,0.579671,21.33,0.849024,0.604647,22.00,0.832158,0.604647,22.00,0.832158,5,537,537
moderate-3to1,150,50,0,inf,100,58,2026-09-03T19:41:05.290Z,33,da-stable,0.522586,22.00,0.784470,0.579671,21.33,0.849024,0.604647,22.00,0.832158,0.604647,22.00,0.832158,4,537,537
moderate-3to1,150,50,0,inf,100,59,2026-09-03T19:41:05.404Z,112,da-stable,0.522586,22.00,0.784470,0.579671,21.33,0.849024,0.604647,22.00,0.832158,0.604647,22.00,0.832158,14,537,537
moderate-3to1,150,50,0,inf,100,60,2026-09-03T19:41:05.584Z,44,da-stable,0.522586,22.00,0.784470,0.579671,21.33,0.849024,0.604647,22.00,0.832158,0.604647,22.00,0.832158,6,537,537
moderate-3to1,150,50,0,inf,100,61,2026-09-03T19:41:05.661Z,36,da-stable,0.522586,22.00,0.784470,0.579671,21.33,0.849024,0.604647,22.00,0.832158,0.604647,22.00,0.832158,5,537,537
moderate-3to1,150,50,0,inf,100,62,2026-09-03T19:41:05.724Z,36,da-stable,0.522586,22.00,0.784470,0.579671,21.33,0.849024,0.604647,22.00,0.832158,0.604647,22.00,0.832158,5,537,537
moderate-3to1,150,50,0,inf,100,63,2026-09-03T19:41:05.786Z,37,da-stable,0.522586,22.00,0.784470,0.579671,21.33,0.849024,0.604647,22.00,0.832158,0.604647,22.00,0.832158,4,537,537
moderate-3to1,150,50,0,inf,100,64,2026-09-03T19:41:05.849Z,35,da-stable,0.522586,22.00,0.784470,0.579671,21.33,0.849024,0.604647,22.00,0.832158,0.604647,22.00,0.832158,5,537,537
moderate-3to1,150,50,0,inf,100,65,2026-09-03T19:41:05.915Z,58,da-stable,0.522586,22.00,0.784470,0.579671,21.33,0.849024,0.604647,22.00,0.832158,0.604647,22.00,0.832158,7,537,537
moderate-3to1,150,50,0,inf,100,66,2026-09-03T19:41:06.015Z,35,da-stable,0.522586,22.00,0.784470,0.579671,21.33,0.849024,0.604647,22.00,0.832158,0.604647,22.00,0.832158,4,537,537
moderate-3to1,150,50,0,inf,100,67,2026-09-03T19:41:06.076Z,36,da-stable,0.522586,22.00,0.784470,0.579671,21.33,0.849024,0.604647,22.00,0.832158,0.604647,22.00,0.832158,6,537,537
moderate-3to1,150,50,0,inf,100,68,2026-09-03T19:41:06.138Z,33,da-stable,0.522586,22.00,0.784470,0.579671,21.33,0.849024,0.604647,22.00,0.832158,0.604647,22.00,0.832158,5,537,537
moderate-3to1,150,50,0,inf,100,69,2026-09-03T19:41:06.196Z,33,da-stable,0.522586,22.00,0.784470,0.579671,21.33,0.849024,0.604647,22.00,0.832158,0.604647,22.00,0.832158,5,537,537
moderate-3to1,150,50,0,inf,100,70,2026-09-03T19:41:06.255Z,37,da-stable,0.522586,22.00,0.784470,0.579671,21.33,0.849024,0.604647,22.00,0.832158,0.604647,22.00,0.832158,5,537,537
moderate-3to1,150,50,0,inf,100,71,2026-09-03T19:41:06.318Z,36,da-stable,0.522586,22.00,0.784470,0.579671,21.33,0.849024,0.604647,22.00,0.832158,0.604647,22.00,0.832158,4,537,537
moderate-3to1,150,50,0,inf,100,72,2026-09-03T19:41:06.380Z,34,da-stable,0.522586,22.00,0.784470,0.579671,21.33,0.849024,0.604647,22.00,0.832158,0.604647,22.00,0.832158,7,537,537
moderate-3to1,150,50,0,inf,100,73,2026-09-03T19:41:06.460Z,39,da-stable,0.522586,22.00,0.784470,0.579671,21.33,0.849024,0.604647,22.00,0.832158,0.604647,22.00,0.832158,5,537,537
moderate-3to1,150,50,0,inf,100,74,2026-09-03T19:41:06.528Z,38,da-stable,0.522586,22.00,0.784470,0.579671,21.33,0.849024,0.604647,22.00,0.832158,0.604647,22.00,0.832158,4,537,537
moderate-3to1,150,50,0,inf,100,75,2026-09-03T19:41:06.591Z,41,da-stable,0.522586,22.00,0.784470,0.579671,21.33,0.849024,0.604647,22.00,0.832158,0.604647,22.00,0.832158,5,537,537
moderate-3to1,150,50,0,inf,100,76,2026-09-03T19:41:06.666Z,42,da-stable,0.522586,22.00,0.784470,0.579671,21.33,0.849024,0.604647,22.00,0.832158,0.604647,22.00,0.832158,9,537,537
moderate-3to1,150,50,0,inf,100,77,2026-09-03T19:41:06.762Z,62,da-stable,0.522586,22.00,0.784470,0.579671,21.33,0.849024,0.604647,22.00,0.832158,0.604647,22.00,0.832158,6,537,537
moderate-3to1,150,50,0,inf,100,78,2026-09-03T19:41:06.854Z,36,da-stable,0.522586,22.00,0.784470,0.579671,21.33,0.849024,0.604647,22.00,0.832158,0.604647,22.00,0.832158,5,537,537
moderate-3to1,150,50,0,inf,100,79,2026-09-03T19:41:06.920Z,62,da-stable,0.522586,22.00,0.784470,0.579671,21.33,0.849024,0.604647,22.00,0.832158,0.604647,22.00,0.832158,7,537,537
moderate-3to1,150,50,0,inf,100,80,2026-09-03T19:41:07.022Z,67,da-stable,0.522586,22.00,0.784470,0.579671,21.33,0.849024,0.604647,22.00,0.832158,0.604647,22.00,0.832158,5,537,537
moderate-3to1,150,50,0,inf,100,81,2026-09-03T19:41:07.122Z,44,da-stable,0.522586,22.00,0.784470,0.579671,21.33,0.849024,0.604647,22.00,0.832158,0.604647,22.00,0.832158,4,537,537
moderate-3to1,150,50,0,inf,100,82,2026-09-03T19:41:07.200Z,45,da-stable,0.522586,22.00,0.784470,0.579671,21.33,0.849024,0.604647,22.00,0.832158,0.604647,22.00,0.832158,8,537,537
moderate-3to1,150,50,0,inf,100,83,2026-09-03T19:41:07.278Z,38,da-stable,0.522586,22.00,0.784470,0.579671,21.33,0.849024,0.604647,22.00,0.832158,0.604647,22.00,0.832158,5,537,537
moderate-3to1,150,50,0,inf,100,84,2026-09-03T19:41:07.346Z,46,da-stable,0.522586,22.00,0.784470,0.579671,21.33,0.849024,0.604647,22.00,0.832158,0.604647,22.00,0.832158,6,537,537
moderate-3to1,150,50,0,inf,100,85,2026-09-03T19:41:07.423Z,69,da-stable,0.522586,22.00,0.784470,0.579671,21.33,0.849024,0.604647,22.00,0.832158,0.604647,22.00,0.832158,11,537,537
moderate-3to1,150,50,0,inf,100,86,2026-09-03T19:41:07.538Z,50,da-stable,0.522586,22.00,0.784470,0.579671,21.33,0.849024,0.604647,22.00,0.832158,0.604647,22.00,0.832158,5,537,537
moderate-3to1,150,50,0,inf,100,87,2026-09-03T19:41:07.614Z,40,da-stable,0.522586,22.00,0.784470,0.579671,21.33,0.849024,0.604647,22.00,0.832158,0.604647,22.00,0.832158,4,537,537
moderate-3to1,150,50,0,inf,100,88,2026-09-03T19:41:07.693Z,45,da-stable,0.522586,22.00,0.784470,0.579671,21.33,0.849024,0.604647,22.00,0.832158,0.604647,22.00,0.832158,6,537,537
moderate-3to1,150,50,0,inf,100,89,2026-09-03T19:41:07.765Z,48,da-stable,0.522586,22.00,0.784470,0.579671,21.33,0.849024,0.604647,22.00,0.832158,0.604647,22.00,0.832158,5,537,537
moderate-3to1,150,50,0,inf,100,90,2026-09-03T19:41:07.838Z,36,da-stable,0.522586,22.00,0.784470,0.579671,21.33,0.849024,0.604647,22.00,0.832158,0.604647,22.00,0.832158,5,537,537
moderate-3to1,150,50,0,inf,100,91,2026-09-03T19:41:07.902Z,34,da-stable,0.522586,22.00,0.784470,0.579671,21.33,0.849024,0.604647,22.00,0.832158,0.604647,22.00,0.832158,10,537,537
moderate-3to1,150,50,0,inf,100,92,2026-09-03T19:41:07.981Z,54,da-stable,0.522586,22.00,0.784470,0.579671,21.33,0.849024,0.604647,22.00,0.832158,0.604647,22.00,0.832158,6,537,537
moderate-3to1,150,50,0,inf,100,93,2026-09-03T19:41:08.067Z,34,da-stable,0.522586,22.00,0.784470,0.579671,21.33,0.849024,0.604647,22.00,0.832158,0.604647,22.00,0.832158,8,537,537
moderate-3to1,150,50,0,inf,100,94,2026-09-03T19:41:08.136Z,35,da-stable,0.522586,22.00,0.784470,0.579671,21.33,0.849024,0.604647,22.00,0.832158,0.604647,22.00,0.832158,6,537,537
moderate-3to1,150,50,0,inf,100,95,2026-09-03T19:41:08.198Z,48,da-stable,0.522586,22.00,0.784470,0.579671,21.33,0.849024,0.604647,22.00,0.832158,0.604647,22.00,0.832158,4,537,537
moderate-3to1,150,50,0,inf,100,96,2026-09-03T19:41:08.271Z,33,da-stable,0.522586,22.00,0.784470,0.579671,21.33,0.849024,0.604647,22.00,0.832158,0.604647,22.00,0.832158,5,537,537
moderate-3to1,150,50,0,inf,100,97,2026-09-03T19:41:08.334Z,35,da-stable,0.522586,22.00,0.784470,0.579671,21.33,0.849024,0.604647,22.00,0.832158,0.604647,22.00,0.832158,5,537,537
moderate-3to1,150,50,0,inf,100,98,2026-09-03T19:41:08.395Z,43,da-stable,0.522586,22.00,0.784470,0.579671,21.33,0.849024,0.604647,22.00,0.832158,0.604647,22.00,0.832158,5,537,537
moderate-3to1,150,50,0,inf,100,99,2026-09-03T19:41:08.478Z,50,da-stable,0.522586,22.00,0.784470,0.579671,21.33,0.849024,0.604647,22.00,0.832158,0.604647,22.00,0.832158,4,537,537
moderate-3to1,150,50,0,inf,100,100,2026-09-03T19:41:08.555Z,34,da-stable,0.522586,22.00,0.784470,0.579671,21.33,0.849024,0.604647,22.00,0.832158,0.604647,22.00,0.832158,4,537,537
moderate-4to1,200,50,0.05,inf,100,1,2026-09-03T19:41:08.671Z,104,greedy-engine,0.522544,36.50,0.825013,0.565414,34.50,0.851663,0.607510,36.00,0.853333,0.608248,36.00,0.853333,10,641,641
moderate-4to1,200,50,0.05,inf,100,2,2026-09-03T19:41:08.839Z,65,greedy-engine,0.522544,36.50,0.825013,0.565414,34.50,0.851663,0.607510,36.00,0.853333,0.608248,36.00,0.853333,15,641,641
moderate-4to1,200,50,0.05,inf,100,3,2026-09-03T19:41:08.998Z,80,greedy-engine,0.522544,36.50,0.825013,0.565414,34.50,0.851663,0.607510,36.00,0.853333,0.608248,36.00,0.853333,12,641,641
moderate-4to1,200,50,0.05,inf,100,4,2026-09-03T19:41:09.142Z,83,greedy-engine,0.522544,36.50,0.825013,0.565414,34.50,0.851663,0.607510,36.00,0.853333,0.608248,36.00,0.853333,15,641,641
moderate-4to1,200,50,0.05,inf,100,5,2026-09-03T19:41:09.305Z,75,greedy-engine,0.522544,36.50,0.825013,0.565414,34.50,0.851663,0.607510,36.00,0.853333,0.608248,36.00,0.853333,9,641,641
moderate-4to1,200,50,0.05,inf,100,6,2026-09-03T19:41:09.436Z,61,greedy-engine,0.522544,36.50,0.825013,0.565414,34.50,0.851663,0.607510,36.00,0.853333,0.608248,36.00,0.853333,14,641,641
moderate-4to1,200,50,0.05,inf,100,7,2026-09-03T19:41:09.556Z,81,greedy-engine,0.522544,36.50,0.825013,0.565414,34.50,0.851663,0.607510,36.00,0.853333,0.608248,36.00,0.853333,12,641,641
moderate-4to1,200,50,0.05,inf,100,8,2026-09-03T19:41:09.701Z,83,greedy-engine,0.522544,36.50,0.825013,0.565414,34.50,0.851663,0.607510,36.00,0.853333,0.608248,36.00,0.853333,12,641,641
moderate-4to1,200,50,0.05,inf,100,9,2026-09-03T19:41:09.859Z,76,greedy-engine,0.522544,36.50,0.825013,0.565414,34.50,0.851663,0.607510,36.00,0.853333,0.608248,36.00,0.853333,14,641,641
moderate-4to1,200,50,0.05,inf,100,10,2026-09-03T19:41:10.006Z,83,greedy-engine,0.522544,36.50,0.825013,0.565414,34.50,0.851663,0.607510,36.00,0.853333,0.608248,36.00,0.853333,12,641,641
moderate-4to1,200,50,0.05,inf,100,11,2026-09-03T19:41:10.166Z,87,greedy-engine,0.522544,36.50,0.825013,0.565414,34.50,0.851663,0.607510,36.00,0.853333,0.608248,36.00,0.853333,13,641,641
moderate-4to1,200,50,0.05,inf,100,12,2026-09-03T19:41:10.325Z,84,greedy-engine,0.522544,36.50,0.825013,0.565414,34.50,0.851663,0.607510,36.00,0.853333,0.608248,36.00,0.853333,12,641,641
moderate-4to1,200,50,0.05,inf,100,13,2026-09-03T19:41:10.471Z,66,greedy-engine,0.522544,36.50,0.825013,0.565414,34.50,0.851663,0.607510,36.00,0.853333,0.608248,36.00,0.853333,11,641,641
moderate-4to1,200,50,0.05,inf,100,14,2026-09-03T19:41:10.590Z,48,greedy-engine,0.522544,36.50,0.825013,0.565414,34.50,0.851663,0.607510,36.00,0.853333,0.608248,36.00,0.853333,10,641,641
moderate-4to1,200,50,0.05,inf,100,15,2026-09-03T19:41:10.682Z,55,greedy-engine,0.522544,36.50,0.825013,0.565414,34.50,0.851663,0.607510,36.00,0.853333,0.608248,36.00,0.853333,12,641,641
moderate-4to1,200,50,0.05,inf,100,16,2026-09-03T19:41:10.804Z,71,greedy-engine,0.522544,36.50,0.825013,0.565414,34.50,0.851663,0.607510,36.00,0.853333,0.608248,36.00,0.853333,5,641,641
moderate-4to1,200,50,0.05,inf,100,17,2026-09-03T19:41:10.907Z,74,greedy-engine,0.522544,36.50,0.825013,0.565414,34.50,0.851663,0.607510,36.00,0.853333,0.608248,36.00,0.853333,11,641,641
moderate-4to1,200,50,0.05,inf,100,18,2026-09-03T19:41:11.034Z,40,greedy-engine,0.522544,36.50,0.825013,0.565414,34.50,0.851663,0.607510,36.00,0.853333,0.608248,36.00,0.853333,6,641,641
moderate-4to1,200,50,0.05,inf,100,19,2026-09-03T19:41:11.108Z,57,greedy-engine,0.522544,36.50,0.825013,0.565414,34.50,0.851663,0.607510,36.00,0.853333,0.608248,36.00,0.853333,10,641,641
moderate-4to1,200,50,0.05,inf,100,20,2026-09-03T19:41:11.217Z,70,greedy-engine,0.522544,36.50,0.825013,0.565414,34.50,0.851663,0.607510,36.00,0.853333,0.608248,36.00,0.853333,12,641,641
moderate-4to1,200,50,0.05,inf,100,21,2026-09-03T19:41:11.359Z,74,greedy-engine,0.522544,36.50,0.825013,0.565414,34.50,0.851663,0.607510,36.00,0.853333,0.608248,36.00,0.853333,6,641,641
moderate-4to1,200,50,0.05,inf,100,22,2026-09-03T19:41:11.476Z,49,greedy-engine,0.522544,36.50,0.825013,0.565414,34.50,0.851663,0.607510,36.00,0.853333,0.608248,36.00,0.853333,7,641,641
moderate-4to1,200,50,0.05,inf,100,23,2026-09-03T19:41:11.567Z,55,greedy-engine,0.522544,36.50,0.825013,0.565414,34.50,0.851663,0.607510,36.00,0.853333,0.608248,36.00,0.853333,11,641,641
moderate-4to1,200,50,0.05,inf,100,24,2026-09-03T19:41:11.671Z,55,greedy-engine,0.522544,36.50,0.825013,0.565414,34.50,0.851663,0.607510,36.00,0.853333,0.608248,36.00,0.853333,3,641,641
moderate-4to1,200,50,0.05,inf,100,25,2026-09-03T19:41:11.764Z,76,greedy-engine,0.522544,36.50,0.825013,0.565414,34.50,0.851663,0.607510,36.00,0.853333,0.608248,36.00,0.853333,11,641,641
moderate-4to1,200,50,0.05,inf,100,26,2026-09-03T19:41:11.905Z,40,greedy-engine,0.522544,36.50,0.825013,0.565414,34.50,0.851663,0.607510,36.00,0.853333,0.608248,36.00,0.853333,6,641,641
moderate-4to1,200,50,0.05,inf,100,27,2026-09-03T19:41:11.976Z,45,greedy-engine,0.522544,36.50,0.825013,0.565414,34.50,0.851663,0.607510,36.00,0.853333,0.608248,36.00,0.853333,6,641,641
moderate-4to1,200,50,0.05,inf,100,28,2026-09-03T19:41:12.050Z,35,greedy-engine,0.522544,36.50,0.825013,0.565414,34.50,0.851663,0.607510,36.00,0.853333,0.608248,36.00,0.853333,6,641,641
moderate-4to1,200,50,0.05,inf,100,29,2026-09-03T19:41:12.118Z,36,greedy-engine,0.522544,36.50,0.825013,0.565414,34.50,0.851663,0.607510,36.00,0.853333,0.608248,36.00,0.853333,6,641,641
moderate-4to1,200,50,0.05,inf,100,30,2026-09-03T19:41:12.186Z,41,greedy-engine,0.522544,36.50,0.825013,0.565414,34.50,0.851663,0.607510,36.00,0.853333,0.608248,36.00,0.853333,6,641,641
moderate-4to1,200,50,0.05,inf,100,31,2026-09-03T19:41:12.262Z,56,greedy-engine,0.522544,36.50,0.825013,0.565414,34.50,0.851663,0.607510,36.00,0.853333,0.608248,36.00,0.853333,7,641,641
moderate-4to1,200,50,0.05,inf,100,32,2026-09-03T19:41:12.356Z,41,greedy-engine,0.522544,36.50,0.825013,0.565414,34.50,0.851663,0.607510,36.00,0.853333,0.608248,36.00,0.853333,6,641,641
moderate-4to1,200,50,0.05,inf,100,33,2026-09-03T19:41:12.429Z,38,greedy-engine,0.522544,36.50,0.825013,0.565414,34.50,0.851663,0.607510,36.00,0.853333,0.608248,36.00,0.853333,6,641,641
moderate-4to1,200,50,0.05,inf,100,34,2026-09-03T19:41:12.498Z,36,greedy-engine,0.522544,36.50,0.825013,0.565414,34.50,0.851663,0.607510,36.00,0.853333,0.608248,36.00,0.853333,6,641,641
moderate-4to1,200,50,0.05,inf,100,35,2026-09-03T19:41:12.565Z,34,greedy-engine,0.522544,36.50,0.825013,0.565414,34.50,0.851663,0.607510,36.00,0.853333,0.608248,36.00,0.853333,6,641,641
moderate-4to1,200,50,0.05,inf,100,36,2026-09-03T19:41:12.631Z,37,greedy-engine,0.522544,36.50,0.825013,0.565414,34.50,0.851663,0.607510,36.00,0.853333,0.608248,36.00,0.853333,5,641,641
moderate-4to1,200,50,0.05,inf,100,37,2026-09-03T19:41:12.698Z,35,greedy-engine,0.522544,36.50,0.825013,0.565414,34.50,0.851663,0.607510,36.00,0.853333,0.608248,36.00,0.853333,6,641,641
moderate-4to1,200,50,0.05,inf,100,38,2026-09-03T19:41:12.769Z,63,greedy-engine,0.522544,36.50,0.825013,0.565414,34.50,0.851663,0.607510,36.00,0.853333,0.608248,36.00,0.853333,7,641,641
moderate-4to1,200,50,0.05,inf,100,39,2026-09-03T19:41:12.874Z,41,greedy-engine,0.522544,36.50,0.825013,0.565414,34.50,0.851663,0.607510,36.00,0.853333,0.608248,36.00,0.853333,6,641,641
moderate-4to1,200,50,0.05,inf,100,40,2026-09-03T19:41:12.946Z,41,greedy-engine,0.522544,36.50,0.825013,0.565414,34.50,0.851663,0.607510,36.00,0.853333,0.608248,36.00,0.853333,6,641,641
moderate-4to1,200,50,0.05,inf,100,41,2026-09-03T19:41:13.026Z,35,greedy-engine,0.522544,36.50,0.825013,0.565414,34.50,0.851663,0.607510,36.00,0.853333,0.608248,36.00,0.853333,6,641,641
moderate-4to1,200,50,0.05,inf,100,42,2026-09-03T19:41:13.093Z,37,greedy-engine,0.522544,36.50,0.825013,0.565414,34.50,0.851663,0.607510,36.00,0.853333,0.608248,36.00,0.853333,6,641,641
moderate-4to1,200,50,0.05,inf,100,43,2026-09-03T19:41:13.163Z,46,greedy-engine,0.522544,36.50,0.825013,0.565414,34.50,0.851663,0.607510,36.00,0.853333,0.608248,36.00,0.853333,6,641,641
moderate-4to1,200,50,0.05,inf,100,44,2026-09-03T19:41:13.242Z,47,greedy-engine,0.522544,36.50,0.825013,0.565414,34.50,0.851663,0.607510,36.00,0.853333,0.608248,36.00,0.853333,13,641,641
moderate-4to1,200,50,0.05,inf,100,45,2026-09-03T19:41:13.344Z,87,greedy-engine,0.522544,36.50,0.825013,0.565414,34.50,0.851663,0.607510,36.00,0.853333,0.608248,36.00,0.853333,6,641,641
moderate-4to1,200,50,0.05,inf,100,46,2026-09-03T19:41:13.467Z,51,greedy-engine,0.522544,36.50,0.825013,0.565414,34.50,0.851663,0.607510,36.00,0.853333,0.608248,36.00,0.853333,7,641,641
moderate-4to1,200,50,0.05,inf,100,47,2026-09-03T19:41:13.559Z,36,greedy-engine,0.522544,36.50,0.825013,0.565414,34.50,0.851663,0.607510,36.00,0.853333,0.608248,36.00,0.853333,7,641,641
moderate-4to1,200,50,0.05,inf,100,48,2026-09-03T19:41:13.628Z,44,greedy-engine,0.522544,36.50,0.825013,0.565414,34.50,0.851663,0.607510,36.00,0.853333,0.608248,36.00,0.853333,6,641,641
moderate-4to1,200,50,0.05,inf,100,49,2026-09-03T19:41:13.703Z,47,greedy-engine,0.522544,36.50,0.825013,0.565414,34.50,0.851663,0.607510,36.00,0.853333,0.608248,36.00,0.853333,6,641,641
moderate-4to1,200,50,0.05,inf,100,50,2026-09-03T19:41:13.791Z,72,greedy-engine,0.522544,36.50,0.825013,0.565414,34.50,0.851663,0.607510,36.00,0.853333,0.608248,36.00,0.853333,11,641,641
moderate-4to1,200,50,0.05,inf,100,51,2026-09-03T19:41:13.906Z,43,greedy-engine,0.522544,36.50,0.825013,0.565414,34.50,0.851663,0.607510,36.00,0.853333,0.608248,36.00,0.853333,7,641,641
moderate-4to1,200,50,0.05,inf,100,52,2026-09-03T19:41:13.990Z,45,greedy-engine,0.522544,36.50,0.825013,0.565414,34.50,0.851663,0.607510,36.00,0.853333,0.608248,36.00,0.853333,6,641,641
moderate-4to1,200,50,0.05,inf,100,53,2026-09-03T19:41:14.069Z,37,greedy-engine,0.522544,36.50,0.825013,0.565414,34.50,0.851663,0.607510,36.00,0.853333,0.608248,36.00,0.853333,6,641,641
moderate-4to1,200,50,0.05,inf,100,54,2026-09-03T19:41:14.145Z,66,greedy-engine,0.522544,36.50,0.825013,0.565414,34.50,0.851663,0.607510,36.00,0.853333,0.608248,36.00,0.853333,6,641,641
moderate-4to1,200,50,0.05,inf,100,55,2026-09-03T19:41:14.243Z,39,greedy-engine,0.522544,36.50,0.825013,0.565414,34.50,0.851663,0.607510,36.00,0.853333,0.608248,36.00,0.853333,9,641,641
moderate-4to1,200,50,0.05,inf,100,56,2026-09-03T19:41:14.332Z,66,greedy-engine,0.522544,36.50,0.825013,0.565414,34.50,0.851663,0.607510,36.00,0.853333,0.608248,36.00,0.853333,11,641,641
moderate-4to1,200,50,0.05,inf,100,57,2026-09-03T19:41:14.432Z,41,greedy-engine,0.522544,36.50,0.825013,0.565414,34.50,0.851663,0.607510,36.00,0.853333,0.608248,36.00,0.853333,5,641,641
moderate-4to1,200,50,0.05,inf,100,58,2026-09-03T19:41:14.506Z,39,greedy-engine,0.522544,36.50,0.825013,0.565414,34.50,0.851663,0.607510,36.00,0.853333,0.608248,36.00,0.853333,6,641,641
moderate-4to1,200,50,0.05,inf,100,59,2026-09-03T19:41:14.580Z,58,greedy-engine,0.522544,36.50,0.825013,0.565414,34.50,0.851663,0.607510,36.00,0.853333,0.608248,36.00,0.853333,6,641,641
moderate-4to1,200,50,0.05,inf,100,60,2026-09-03T19:41:14.682Z,48,greedy-engine,0.522544,36.50,0.825013,0.565414,34.50,0.851663,0.607510,36.00,0.853333,0.608248,36.00,0.853333,6,641,641
moderate-4to1,200,50,0.05,inf,100,61,2026-09-03T19:41:14.761Z,46,greedy-engine,0.522544,36.50,0.825013,0.565414,34.50,0.851663,0.607510,36.00,0.853333,0.608248,36.00,0.853333,13,641,641
moderate-4to1,200,50,0.05,inf,100,62,2026-09-03T19:41:14.859Z,61,greedy-engine,0.522544,36.50,0.825013,0.565414,34.50,0.851663,0.607510,36.00,0.853333,0.608248,36.00,0.853333,5,641,641
moderate-4to1,200,50,0.05,inf,100,63,2026-09-03T19:41:14.955Z,41,greedy-engine,0.522544,36.50,0.825013,0.565414,34.50,0.851663,0.607510,36.00,0.853333,0.608248,36.00,0.853333,6,641,641
moderate-4to1,200,50,0.05,inf,100,64,2026-09-03T19:41:15.036Z,43,greedy-engine,0.522544,36.50,0.825013,0.565414,34.50,0.851663,0.607510,36.00,0.853333,0.608248,36.00,0.853333,6,641,641
moderate-4to1,200,50,0.05,inf,100,65,2026-09-03T19:41:15.111Z,38,greedy-engine,0.522544,36.50,0.825013,0.565414,34.50,0.851663,0.607510,36.00,0.853333,0.608248,36.00,0.853333,7,641,641
moderate-4to1,200,50,0.05,inf,100,66,2026-09-03T19:41:15.184Z,45,greedy-engine,0.522544,36.50,0.825013,0.565414,34.50,0.851663,0.607510,36.00,0.853333,0.608248,36.00,0.853333,5,641,641
moderate-4to1,200,50,0.05,inf,100,67,2026-09-03T19:41:15.259Z,35,greedy-engine,0.522544,36.50,0.825013,0.565414,34.50,0.851663,0.607510,36.00,0.853333,0.608248,36.00,0.853333,8,641,641
moderate-4to1,200,50,0.05,inf,100,68,2026-09-03T19:41:15.341Z,50,greedy-engine,0.522544,36.50,0.825013,0.565414,34.50,0.851663,0.607510,36.00,0.853333,0.608248,36.00,0.853333,7,641,641
moderate-4to1,200,50,0.05,inf,100,69,2026-09-03T19:41:15.431Z,35,greedy-engine,0.522544,36.50,0.825013,0.565414,34.50,0.851663,0.607510,36.00,0.853333,0.608248,36.00,0.853333,6,641,641
moderate-4to1,200,50,0.05,inf,100,70,2026-09-03T19:41:15.499Z,37,greedy-engine,0.522544,36.50,0.825013,0.565414,34.50,0.851663,0.607510,36.00,0.853333,0.608248,36.00,0.853333,6,641,641
moderate-4to1,200,50,0.05,inf,100,71,2026-09-03T19:41:15.571Z,53,greedy-engine,0.522544,36.50,0.825013,0.565414,34.50,0.851663,0.607510,36.00,0.853333,0.608248,36.00,0.853333,7,641,641
moderate-4to1,200,50,0.05,inf,100,72,2026-09-03T19:41:15.659Z,36,greedy-engine,0.522544,36.50,0.825013,0.565414,34.50,0.851663,0.607510,36.00,0.853333,0.608248,36.00,0.853333,6,641,641
moderate-4to1,200,50,0.05,inf,100,73,2026-09-03T19:41:15.725Z,44,greedy-engine,0.522544,36.50,0.825013,0.565414,34.50,0.851663,0.607510,36.00,0.853333,0.608248,36.00,0.853333,5,641,641
moderate-4to1,200,50,0.05,inf,100,74,2026-09-03T19:41:15.799Z,58,greedy-engine,0.522544,36.50,0.825013,0.565414,34.50,0.851663,0.607510,36.00,0.853333,0.608248,36.00,0.853333,9,641,641
moderate-4to1,200,50,0.05,inf,100,75,2026-09-03T19:41:15.909Z,44,greedy-engine,0.522544,36.50,0.825013,0.565414,34.50,0.851663,0.607510,36.00,0.853333,0.608248,36.00,0.853333,6,641,641
moderate-4to1,200,50,0.05,inf,100,76,2026-09-03T19:41:15.991Z,40,greedy-engine,0.522544,36.50,0.825013,0.565414,34.50,0.851663,0.607510,36.00,0.853333,0.608248,36.00,0.853333,10,641,641
moderate-4to1,200,50,0.05,inf,100,77,2026-09-03T19:41:16.068Z,44,greedy-engine,0.522544,36.50,0.825013,0.565414,34.50,0.851663,0.607510,36.00,0.853333,0.608248,36.00,0.853333,5,641,641
moderate-4to1,200,50,0.05,inf,100,78,2026-09-03T19:41:16.141Z,36,greedy-engine,0.522544,36.50,0.825013,0.565414,34.50,0.851663,0.607510,36.00,0.853333,0.608248,36.00,0.853333,6,641,641
moderate-4to1,200,50,0.05,inf,100,79,2026-09-03T19:41:16.211Z,35,greedy-engine,0.522544,36.50,0.825013,0.565414,34.50,0.851663,0.607510,36.00,0.853333,0.608248,36.00,0.853333,9,641,641
moderate-4to1,200,50,0.05,inf,100,80,2026-09-03T19:41:16.280Z,50,greedy-engine,0.522544,36.50,0.825013,0.565414,34.50,0.851663,0.607510,36.00,0.853333,0.608248,36.00,0.853333,14,641,641
moderate-4to1,200,50,0.05,inf,100,81,2026-09-03T19:41:16.389Z,57,greedy-engine,0.522544,36.50,0.825013,0.565414,34.50,0.851663,0.607510,36.00,0.853333,0.608248,36.00,0.853333,6,641,641
moderate-4to1,200,50,0.05,inf,100,82,2026-09-03T19:41:16.478Z,41,greedy-engine,0.522544,36.50,0.825013,0.565414,34.50,0.851663,0.607510,36.00,0.853333,0.608248,36.00,0.853333,7,641,641
moderate-4to1,200,50,0.05,inf,100,83,2026-09-03T19:41:16.559Z,43,greedy-engine,0.522544,36.50,0.825013,0.565414,34.50,0.851663,0.607510,36.00,0.853333,0.608248,36.00,0.853333,6,641,641
moderate-4to1,200,50,0.05,inf,100,84,2026-09-03T19:41:16.646Z,37,greedy-engine,0.522544,36.50,0.825013,0.565414,34.50,0.851663,0.607510,36.00,0.853333,0.608248,36.00,0.853333,7,641,641
moderate-4to1,200,50,0.05,inf,100,85,2026-09-03T19:41:16.731Z,56,greedy-engine,0.522544,36.50,0.825013,0.565414,34.50,0.851663,0.607510,36.00,0.853333,0.608248,36.00,0.853333,6,641,641
moderate-4to1,200,50,0.05,inf,100,86,2026-09-03T19:41:16.824Z,109,greedy-engine,0.522544,36.50,0.825013,0.565414,34.50,0.851663,0.607510,36.00,0.853333,0.608248,36.00,0.853333,13,641,641
moderate-4to1,200,50,0.05,inf,100,87,2026-09-03T19:41:17.004Z,59,greedy-engine,0.522544,36.50,0.825013,0.565414,34.50,0.851663,0.607510,36.00,0.853333,0.608248,36.00,0.853333,13,641,641
moderate-4to1,200,50,0.05,inf,100,88,2026-09-03T19:41:17.113Z,39,greedy-engine,0.522544,36.50,0.825013,0.565414,34.50,0.851663,0.607510,36.00,0.853333,0.608248,36.00,0.853333,7,641,641
moderate-4to1,200,50,0.05,inf,100,89,2026-09-03T19:41:17.188Z,51,greedy-engine,0.522544,36.50,0.825013,0.565414,34.50,0.851663,0.607510,36.00,0.853333,0.608248,36.00,0.853333,6,641,641
moderate-4to1,200,50,0.05,inf,100,90,2026-09-03T19:41:17.273Z,42,greedy-engine,0.522544,36.50,0.825013,0.565414,34.50,0.851663,0.607510,36.00,0.853333,0.608248,36.00,0.853333,6,641,641
moderate-4to1,200,50,0.05,inf,100,91,2026-09-03T19:41:17.352Z,77,greedy-engine,0.522544,36.50,0.825013,0.565414,34.50,0.851663,0.607510,36.00,0.853333,0.608248,36.00,0.853333,14,641,641
moderate-4to1,200,50,0.05,inf,100,92,2026-09-03T19:41:17.498Z,75,greedy-engine,0.522544,36.50,0.825013,0.565414,34.50,0.851663,0.607510,36.00,0.853333,0.608248,36.00,0.853333,11,641,641
moderate-4to1,200,50,0.05,inf,100,93,2026-09-03T19:41:17.635Z,74,greedy-engine,0.522544,36.50,0.825013,0.565414,34.50,0.851663,0.607510,36.00,0.853333,0.608248,36.00,0.853333,12,641,641
moderate-4to1,200,50,0.05,inf,100,94,2026-09-03T19:41:17.774Z,77,greedy-engine,0.522544,36.50,0.825013,0.565414,34.50,0.851663,0.607510,36.00,0.853333,0.608248,36.00,0.853333,13,641,641
moderate-4to1,200,50,0.05,inf,100,95,2026-09-03T19:41:17.915Z,77,greedy-engine,0.522544,36.50,0.825013,0.565414,34.50,0.851663,0.607510,36.00,0.853333,0.608248,36.00,0.853333,10,641,641
moderate-4to1,200,50,0.05,inf,100,96,2026-09-03T19:41:18.045Z,60,greedy-engine,0.522544,36.50,0.825013,0.565414,34.50,0.851663,0.607510,36.00,0.853333,0.608248,36.00,0.853333,9,641,641
moderate-4to1,200,50,0.05,inf,100,97,2026-09-03T19:41:18.151Z,39,greedy-engine,0.522544,36.50,0.825013,0.565414,34.50,0.851663,0.607510,36.00,0.853333,0.608248,36.00,0.853333,6,641,641
moderate-4to1,200,50,0.05,inf,100,98,2026-09-03T19:41:18.222Z,43,greedy-engine,0.522544,36.50,0.825013,0.565414,34.50,0.851663,0.607510,36.00,0.853333,0.608248,36.00,0.853333,8,641,641
moderate-4to1,200,50,0.05,inf,100,99,2026-09-03T19:41:18.301Z,38,greedy-engine,0.522544,36.50,0.825013,0.565414,34.50,0.851663,0.607510,36.00,0.853333,0.608248,36.00,0.853333,7,641,641
moderate-4to1,200,50,0.05,inf,100,100,2026-09-03T19:41:18.382Z,57,greedy-engine,0.522544,36.50,0.825013,0.565414,34.50,0.851663,0.607510,36.00,0.853333,0.608248,36.00,0.853333,7,641,641
moderate-4to1,200,50,0,inf,100,1,2026-09-03T19:41:18.486Z,44,da-stable,0.515591,36.50,0.825013,0.559352,35.50,0.842582,0.604504,36.00,0.853333,0.604238,36.00,0.853333,6,641,641
moderate-4to1,200,50,0,inf,100,2,2026-09-03T19:41:18.562Z,50,da-stable,0.515591,36.50,0.825013,0.559352,35.50,0.842582,0.604504,36.00,0.853333,0.604238,36.00,0.853333,6,641,641
moderate-4to1,200,50,0,inf,100,3,2026-09-03T19:41:18.649Z,47,da-stable,0.515591,36.50,0.825013,0.559352,35.50,0.842582,0.604504,36.00,0.853333,0.604238,36.00,0.853333,11,641,641
moderate-4to1,200,50,0,inf,100,4,2026-09-03T19:41:18.749Z,40,da-stable,0.515591,36.50,0.825013,0.559352,35.50,0.842582,0.604504,36.00,0.853333,0.604238,36.00,0.853333,6,641,641
moderate-4to1,200,50,0,inf,100,5,2026-09-03T19:41:18.824Z,46,da-stable,0.515591,36.50,0.825013,0.559352,35.50,0.842582,0.604504,36.00,0.853333,0.604238,36.00,0.853333,6,641,641
moderate-4to1,200,50,0,inf,100,6,2026-09-03T19:41:18.917Z,54,da-stable,0.515591,36.50,0.825013,0.559352,35.50,0.842582,0.604504,36.00,0.853333,0.604238,36.00,0.853333,12,641,641
moderate-4to1,200,50,0,inf,100,7,2026-09-03T19:41:19.023Z,40,da-stable,0.515591,36.50,0.825013,0.559352,35.50,0.842582,0.604504,36.00,0.853333,0.604238,36.00,0.853333,6,641,641
moderate-4to1,200,50,0,inf,100,8,2026-09-03T19:41:19.098Z,38,da-stable,0.515591,36.50,0.825013,0.559352,35.50,0.842582,0.604504,36.00,0.853333,0.604238,36.00,0.853333,6,641,641
moderate-4to1,200,50,0,inf,100,9,2026-09-03T19:41:19.174Z,40,da-stable,0.515591,36.50,0.825013,0.559352,35.50,0.842582,0.604504,36.00,0.853333,0.604238,36.00,0.853333,6,641,641
moderate-4to1,200,50,0,inf,100,10,2026-09-03T19:41:19.253Z,38,da-stable,0.515591,36.50,0.825013,0.559352,35.50,0.842582,0.604504,36.00,0.853333,0.604238,36.00,0.853333,6,641,641
moderate-4to1,200,50,0,inf,100,11,2026-09-03T19:41:19.323Z,39,da-stable,0.515591,36.50,0.825013,0.559352,35.50,0.842582,0.604504,36.00,0.853333,0.604238,36.00,0.853333,6,641,641
moderate-4to1,200,50,0,inf,100,12,2026-09-03T19:41:19.399Z,51,da-stable,0.515591,36.50,0.825013,0.559352,35.50,0.842582,0.604504,36.00,0.853333,0.604238,36.00,0.853333,8,641,641
moderate-4to1,200,50,0,inf,100,13,2026-09-03T19:41:19.503Z,37,da-stable,0.515591,36.50,0.825013,0.559352,35.50,0.842582,0.604504,36.00,0.853333,0.604238,36.00,0.853333,6,641,641
moderate-4to1,200,50,0,inf,100,14,2026-09-03T19:41:19.574Z,36,da-stable,0.515591,36.50,0.825013,0.559352,35.50,0.842582,0.604504,36.00,0.853333,0.604238,36.00,0.853333,6,641,641
moderate-4to1,200,50,0,inf,100,15,2026-09-03T19:41:19.641Z,39,da-stable,0.515591,36.50,0.825013,0.559352,35.50,0.842582,0.604504,36.00,0.853333,0.604238,36.00,0.853333,6,641,641
moderate-4to1,200,50,0,inf,100,16,2026-09-03T19:41:19.711Z,36,da-stable,0.515591,36.50,0.825013,0.559352,35.50,0.842582,0.604504,36.00,0.853333,0.604238,36.00,0.853333,6,641,641
moderate-4to1,200,50,0,inf,100,17,2026-09-03T19:41:19.779Z,37,da-stable,0.515591,36.50,0.825013,0.559352,35.50,0.842582,0.604504,36.00,0.853333,0.604238,36.00,0.853333,6,641,641
moderate-4to1,200,50,0,inf,100,18,2026-09-03T19:41:19.847Z,37,da-stable,0.515591,36.50,0.825013,0.559352,35.50,0.842582,0.604504,36.00,0.853333,0.604238,36.00,0.853333,6,641,641
moderate-4to1,200,50,0,inf,100,19,2026-09-03T19:41:19.930Z,59,da-stable,0.515591,36.50,0.825013,0.559352,35.50,0.842582,0.604504,36.00,0.853333,0.604238,36.00,0.853333,13,641,641
moderate-4to1,200,50,0,inf,100,20,2026-09-03T19:41:20.054Z,41,da-stable,0.515591,36.50,0.825013,0.559352,35.50,0.842582,0.604504,36.00,0.853333,0.604238,36.00,0.853333,6,641,641
moderate-4to1,200,50,0,inf,100,21,2026-09-03T19:41:20.128Z,37,da-stable,0.515591,36.50,0.825013,0.559352,35.50,0.842582,0.604504,36.00,0.853333,0.604238,36.00,0.853333,7,641,641
moderate-4to1,200,50,0,inf,100,22,2026-09-03T19:41:20.199Z,36,da-stable,0.515591,36.50,0.825013,0.559352,35.50,0.842582,0.604504,36.00,0.853333,0.604238,36.00,0.853333,8,641,641
moderate-4to1,200,50,0,inf,100,23,2026-09-03T19:41:20.269Z,35,da-stable,0.515591,36.50,0.825013,0.559352,35.50,0.842582,0.604504,36.00,0.853333,0.604238,36.00,0.853333,6,641,641
moderate-4to1,200,50,0,inf,100,24,2026-09-03T19:41:20.334Z,35,da-stable,0.515591,36.50,0.825013,0.559352,35.50,0.842582,0.604504,36.00,0.853333,0.604238,36.00,0.853333,5,641,641
moderate-4to1,200,50,0,inf,100,25,2026-09-03T19:41:20.400Z,55,da-stable,0.515591,36.50,0.825013,0.559352,35.50,0.842582,0.604504,36.00,0.853333,0.604238,36.00,0.853333,6,641,641
moderate-4to1,200,50,0,inf,100,26,2026-09-03T19:41:20.498Z,44,da-stable,0.515591,36.50,0.825013,0.559352,35.50,0.842582,0.604504,36.00,0.853333,0.604238,36.00,0.853333,5,641,641
moderate-4to1,200,50,0,inf,100,27,2026-09-03T19:41:20.572Z,46,da-stable,0.515591,36.50,0.825013,0.559352,35.50,0.842582,0.604504,36.00,0.853333,0.604238,36.00,0.853333,5,641,641
moderate-4to1,200,50,0,inf,100,28,2026-09-03T19:41:20.647Z,35,da-stable,0.515591,36.50,0.825013,0.559352,35.50,0.842582,0.604504,36.00,0.853333,0.604238,36.00,0.853333,6,641,641
moderate-4to1,200,50,0,inf,100,29,2026-09-03T19:41:20.713Z,36,da-stable,0.515591,36.50,0.825013,0.559352,35.50,0.842582,0.604504,36.00,0.853333,0.604238,36.00,0.853333,6,641,641
moderate-4to1,200,50,0,inf,100,30,2026-09-03T19:41:20.788Z,41,da-stable,0.515591,36.50,0.825013,0.559352,35.50,0.842582,0.604504,36.00,0.853333,0.604238,36.00,0.853333,6,641,641
moderate-4to1,200,50,0,inf,100,31,2026-09-03T19:41:20.862Z,38,da-stable,0.515591,36.50,0.825013,0.559352,35.50,0.842582,0.604504,36.00,0.853333,0.604238,36.00,0.853333,5,641,641
moderate-4to1,200,50,0,inf,100,32,2026-09-03T19:41:20.929Z,58,da-stable,0.515591,36.50,0.825013,0.559352,35.50,0.842582,0.604504,36.00,0.853333,0.604238,36.00,0.853333,11,641,641
moderate-4to1,200,50,0,inf,100,33,2026-09-03T19:41:21.031Z,43,da-stable,0.515591,36.50,0.825013,0.559352,35.50,0.842582,0.604504,36.00,0.853333,0.604238,36.00,0.853333,7,641,641
moderate-4to1,200,50,0,inf,100,34,2026-09-03T19:41:21.107Z,38,da-stable,0.515591,36.50,0.825013,0.559352,35.50,0.842582,0.604504,36.00,0.853333,0.604238,36.00,0.853333,6,641,641
moderate-4to1,200,50,0,inf,100,35,2026-09-03T19:41:21.177Z,36,da-stable,0.515591,36.50,0.825013,0.559352,35.50,0.842582,0.604504,36.00,0.853333,0.604238,36.00,0.853333,6,641,641
moderate-4to1,200,50,0,inf,100,36,2026-09-03T19:41:21.243Z,37,da-stable,0.515591,36.50,0.825013,0.559352,35.50,0.842582,0.604504,36.00,0.853333,0.604238,36.00,0.853333,7,641,641
moderate-4to1,200,50,0,inf,100,37,2026-09-03T19:41:21.313Z,34,da-stable,0.515591,36.50,0.825013,0.559352,35.50,0.842582,0.604504,36.00,0.853333,0.604238,36.00,0.853333,6,641,641
moderate-4to1,200,50,0,inf,100,38,2026-09-03T19:41:21.378Z,38,da-stable,0.515591,36.50,0.825013,0.559352,35.50,0.842582,0.604504,36.00,0.853333,0.604238,36.00,0.853333,5,641,641
moderate-4to1,200,50,0,inf,100,39,2026-09-03T19:41:21.447Z,55,da-stable,0.515591,36.50,0.825013,0.559352,35.50,0.842582,0.604504,36.00,0.853333,0.604238,36.00,0.853333,11,641,641
moderate-4to1,200,50,0,inf,100,40,2026-09-03T19:41:21.553Z,44,da-stable,0.515591,36.50,0.825013,0.559352,35.50,0.842582,0.604504,36.00,0.853333,0.604238,36.00,0.853333,11,641,641
moderate-4to1,200,50,0,inf,100,41,2026-09-03T19:41:21.648Z,43,da-stable,0.515591,36.50,0.825013,0.559352,35.50,0.842582,0.604504,36.00,0.853333,0.604238,36.00,0.853333,9,641,641
moderate-4to1,200,50,0,inf,100,42,2026-09-03T19:41:21.731Z,53,da-stable,0.515591,36.50,0.825013,0.559352,35.50,0.842582,0.604504,36.00,0.853333,0.604238,36.00,0.853333,7,641,641
moderate-4to1,200,50,0,inf,100,43,2026-09-03T19:41:21.817Z,46,da-stable,0.515591,36.50,0.825013,0.559352,35.50,0.842582,0.604504,36.00,0.853333,0.604238,36.00,0.853333,11,641,641
moderate-4to1,200,50,0,inf,100,44,2026-09-03T19:41:21.914Z,42,da-stable,0.515591,36.50,0.825013,0.559352,35.50,0.842582,0.604504,36.00,0.853333,0.604238,36.00,0.853333,12,641,641
moderate-4to1,200,50,0,inf,100,45,2026-09-03T19:41:22.016Z,62,da-stable,0.515591,36.50,0.825013,0.559352,35.50,0.842582,0.604504,36.00,0.853333,0.604238,36.00,0.853333,7,641,641
moderate-4to1,200,50,0,inf,100,46,2026-09-03T19:41:22.117Z,43,da-stable,0.515591,36.50,0.825013,0.559352,35.50,0.842582,0.604504,36.00,0.853333,0.604238,36.00,0.853333,7,641,641
moderate-4to1,200,50,0,inf,100,47,2026-09-03T19:41:22.201Z,62,da-stable,0.515591,36.50,0.825013,0.559352,35.50,0.842582,0.604504,36.00,0.853333,0.604238,36.00,0.853333,6,641,641
moderate-4to1,200,50,0,inf,100,48,2026-09-03T19:41:22.306Z,41,da-stable,0.515591,36.50,0.825013,0.559352,35.50,0.842582,0.604504,36.00,0.853333,0.604238,36.00,0.853333,9,641,641
moderate-4to1,200,50,0,inf,100,49,2026-09-03T19:41:22.388Z,42,da-stable,0.515591,36.50,0.825013,0.559352,35.50,0.842582,0.604504,36.00,0.853333,0.604238,36.00,0.853333,6,641,641
moderate-4to1,200,50,0,inf,100,50,2026-09-03T19:41:22.474Z,62,da-stable,0.515591,36.50,0.825013,0.559352,35.50,0.842582,0.604504,36.00,0.853333,0.604238,36.00,0.853333,6,641,641
moderate-4to1,200,50,0,inf,100,51,2026-09-03T19:41:22.582Z,40,da-stable,0.515591,36.50,0.825013,0.559352,35.50,0.842582,0.604504,36.00,0.853333,0.604238,36.00,0.853333,6,641,641
moderate-4to1,200,50,0,inf,100,52,2026-09-03T19:41:22.653Z,38,da-stable,0.515591,36.50,0.825013,0.559352,35.50,0.842582,0.604504,36.00,0.853333,0.604238,36.00,0.853333,5,641,641
moderate-4to1,200,50,0,inf,100,53,2026-09-03T19:41:22.722Z,43,da-stable,0.515591,36.50,0.825013,0.559352,35.50,0.842582,0.604504,36.00,0.853333,0.604238,36.00,0.853333,11,641,641
moderate-4to1,200,50,0,inf,100,54,2026-09-03T19:41:22.809Z,42,da-stable,0.515591,36.50,0.825013,0.559352,35.50,0.842582,0.604504,36.00,0.853333,0.604238,36.00,0.853333,7,641,641
moderate-4to1,200,50,0,inf,100,55,2026-09-03T19:41:22.892Z,46,da-stable,0.515591,36.50,0.825013,0.559352,35.50,0.842582,0.604504,36.00,0.853333,0.604238,36.00,0.853333,7,641,641
moderate-4to1,200,50,0,inf,100,56,2026-09-03T19:41:22.980Z,64,da-stable,0.515591,36.50,0.825013,0.559352,35.50,0.842582,0.604504,36.00,0.853333,0.604238,36.00,0.853333,10,641,641
moderate-4to1,200,50,0,inf,100,57,2026-09-03T19:41:23.096Z,46,da-stable,0.515591,36.50,0.825013,0.559352,35.50,0.842582,0.604504,36.00,0.853333,0.604238,36.00,0.853333,7,641,641
moderate-4to1,200,50,0,inf,100,58,2026-09-03T19:41:23.183Z,39,da-stable,0.515591,36.50,0.825013,0.559352,35.50,0.842582,0.604504,36.00,0.853333,0.604238,36.00,0.853333,7,641,641
moderate-4to1,200,50,0,inf,100,59,2026-09-03T19:41:23.264Z,38,da-stable,0.515591,36.50,0.825013,0.559352,35.50,0.842582,0.604504,36.00,0.853333,0.604238,36.00,0.853333,5,641,641
moderate-4to1,200,50,0,inf,100,60,2026-09-03T19:41:23.334Z,42,da-stable,0.515591,36.50,0.825013,0.559352,35.50,0.842582,0.604504,36.00,0.853333,0.604238,36.00,0.853333,6,641,641
moderate-4to1,200,50,0,inf,100,61,2026-09-03T19:41:23.451Z,100,da-stable,0.515591,36.50,0.825013,0.559352,35.50,0.842582,0.604504,36.00,0.853333,0.604238,36.00,0.853333,9,641,641
moderate-4to1,200,50,0,inf,100,62,2026-09-03T19:41:23.603Z,42,da-stable,0.515591,36.50,0.825013,0.559352,35.50,0.842582,0.604504,36.00,0.853333,0.604238,36.00,0.853333,8,641,641
moderate-4to1,200,50,0,inf,100,63,2026-09-03T19:41:23.681Z,37,da-stable,0.515591,36.50,0.825013,0.559352,35.50,0.842582,0.604504,36.00,0.853333,0.604238,36.00,0.853333,7,641,641
moderate-4to1,200,50,0,inf,100,64,2026-09-03T19:41:23.763Z,39,da-stable,0.515591,36.50,0.825013,0.559352,35.50,0.842582,0.604504,36.00,0.853333,0.604238,36.00,0.853333,6,641,641
moderate-4to1,200,50,0,inf,100,65,2026-09-03T19:41:23.835Z,45,da-stable,0.515591,36.50,0.825013,0.559352,35.50,0.842582,0.604504,36.00,0.853333,0.604238,36.00,0.853333,8,641,641
moderate-4to1,200,50,0,inf,100,66,2026-09-03T19:41:23.922Z,36,da-stable,0.515591,36.50,0.825013,0.559352,35.50,0.842582,0.604504,36.00,0.853333,0.604238,36.00,0.853333,6,641,641
moderate-4to1,200,50,0,inf,100,67,2026-09-03T19:41:24.003Z,53,da-stable,0.515591,36.50,0.825013,0.559352,35.50,0.842582,0.604504,36.00,0.853333,0.604238,36.00,0.853333,8,641,641
moderate-4to1,200,50,0,inf,100,68,2026-09-03T19:41:24.149Z,75,da-stable,0.515591,36.50,0.825013,0.559352,35.50,0.842582,0.604504,36.00,0.853333,0.604238,36.00,0.853333,7,641,641
moderate-4to1,200,50,0,inf,100,69,2026-09-03T19:41:24.256Z,43,da-stable,0.515591,36.50,0.825013,0.559352,35.50,0.842582,0.604504,36.00,0.853333,0.604238,36.00,0.853333,6,641,641
moderate-4to1,200,50,0,inf,100,70,2026-09-03T19:41:24.333Z,41,da-stable,0.515591,36.50,0.825013,0.559352,35.50,0.842582,0.604504,36.00,0.853333,0.604238,36.00,0.853333,14,641,641
moderate-4to1,200,50,0,inf,100,71,2026-09-03T19:41:24.433Z,51,da-stable,0.515591,36.50,0.825013,0.559352,35.50,0.842582,0.604504,36.00,0.853333,0.604238,36.00,0.853333,11,641,641
moderate-4to1,200,50,0,inf,100,72,2026-09-03T19:41:24.540Z,58,da-stable,0.515591,36.50,0.825013,0.559352,35.50,0.842582,0.604504,36.00,0.853333,0.604238,36.00,0.853333,12,641,641
moderate-4to1,200,50,0,inf,100,73,2026-09-03T19:41:24.648Z,39,da-stable,0.515591,36.50,0.825013,0.559352,35.50,0.842582,0.604504,36.00,0.853333,0.604238,36.00,0.853333,6,641,641
moderate-4to1,200,50,0,inf,100,74,2026-09-03T19:41:24.720Z,42,da-stable,0.515591,36.50,0.825013,0.559352,35.50,0.842582,0.604504,36.00,0.853333,0.604238,36.00,0.853333,6,641,641
moderate-4to1,200,50,0,inf,100,75,2026-09-03T19:41:24.792Z,40,da-stable,0.515591,36.50,0.825013,0.559352,35.50,0.842582,0.604504,36.00,0.853333,0.604238,36.00,0.853333,5,641,641
moderate-4to1,200,50,0,inf,100,76,2026-09-03T19:41:24.863Z,36,da-stable,0.515591,36.50,0.825013,0.559352,35.50,0.842582,0.604504,36.00,0.853333,0.604238,36.00,0.853333,7,641,641
moderate-4to1,200,50,0,inf,100,77,2026-09-03T19:41:24.935Z,36,da-stable,0.515591,36.50,0.825013,0.559352,35.50,0.842582,0.604504,36.00,0.853333,0.604238,36.00,0.853333,6,641,641
moderate-4to1,200,50,0,inf,100,78,2026-09-03T19:41:25.011Z,66,da-stable,0.515591,36.50,0.825013,0.559352,35.50,0.842582,0.604504,36.00,0.853333,0.604238,36.00,0.853333,9,641,641
moderate-4to1,200,50,0,inf,100,79,2026-09-03T19:41:25.119Z,51,da-stable,0.515591,36.50,0.825013,0.559352,35.50,0.842582,0.604504,36.00,0.853333,0.604238,36.00,0.853333,6,641,641
moderate-4to1,200,50,0,inf,100,80,2026-09-03T19:41:25.202Z,44,da-stable,0.515591,36.50,0.825013,0.559352,35.50,0.842582,0.604504,36.00,0.853333,0.604238,36.00,0.853333,10,641,641
moderate-4to1,200,50,0,inf,100,81,2026-09-03T19:41:25.286Z,37,da-stable,0.515591,36.50,0.825013,0.559352,35.50,0.842582,0.604504,36.00,0.853333,0.604238,36.00,0.853333,6,641,641
moderate-4to1,200,50,0,inf,100,82,2026-09-03T19:41:25.358Z,38,da-stable,0.515591,36.50,0.825013,0.559352,35.50,0.842582,0.604504,36.00,0.853333,0.604238,36.00,0.853333,5,641,641
moderate-4to1,200,50,0,inf,100,83,2026-09-03T19:41:25.427Z,48,da-stable,0.515591,36.50,0.825013,0.559352,35.50,0.842582,0.604504,36.00,0.853333,0.604238,36.00,0.853333,6,641,641
moderate-4to1,200,50,0,inf,100,84,2026-09-03T19:41:25.507Z,50,da-stable,0.515591,36.50,0.825013,0.559352,35.50,0.842582,0.604504,36.00,0.853333,0.604238,36.00,0.853333,12,641,641
moderate-4to1,200,50,0,inf,100,85,2026-09-03T19:41:25.611Z,47,da-stable,0.515591,36.50,0.825013,0.559352,35.50,0.842582,0.604504,36.00,0.853333,0.604238,36.00,0.853333,8,641,641
moderate-4to1,200,50,0,inf,100,86,2026-09-03T19:41:25.699Z,38,da-stable,0.515591,36.50,0.825013,0.559352,35.50,0.842582,0.604504,36.00,0.853333,0.604238,36.00,0.853333,6,641,641
moderate-4to1,200,50,0,inf,100,87,2026-09-03T19:41:25.777Z,40,da-stable,0.515591,36.50,0.825013,0.559352,35.50,0.842582,0.604504,36.00,0.853333,0.604238,36.00,0.853333,6,641,641
moderate-4to1,200,50,0,inf,100,88,2026-09-03T19:41:25.851Z,40,da-stable,0.515591,36.50,0.825013,0.559352,35.50,0.842582,0.604504,36.00,0.853333,0.604238,36.00,0.853333,6,641,641
moderate-4to1,200,50,0,inf,100,89,2026-09-03T19:41:25.930Z,37,da-stable,0.515591,36.50,0.825013,0.559352,35.50,0.842582,0.604504,36.00,0.853333,0.604238,36.00,0.853333,6,641,641
moderate-4to1,200,50,0,inf,100,90,2026-09-03T19:41:26.006Z,63,da-stable,0.515591,36.50,0.825013,0.559352,35.50,0.842582,0.604504,36.00,0.853333,0.604238,36.00,0.853333,7,641,641
moderate-4to1,200,50,0,inf,100,91,2026-09-03T19:41:26.121Z,54,da-stable,0.515591,36.50,0.825013,0.559352,35.50,0.842582,0.604504,36.00,0.853333,0.604238,36.00,0.853333,6,641,641
moderate-4to1,200,50,0,inf,100,92,2026-09-03T19:41:26.206Z,38,da-stable,0.515591,36.50,0.825013,0.559352,35.50,0.842582,0.604504,36.00,0.853333,0.604238,36.00,0.853333,5,641,641
moderate-4to1,200,50,0,inf,100,93,2026-09-03T19:41:26.280Z,37,da-stable,0.515591,36.50,0.825013,0.559352,35.50,0.842582,0.604504,36.00,0.853333,0.604238,36.00,0.853333,6,641,641
moderate-4to1,200,50,0,inf,100,94,2026-09-03T19:41:26.353Z,38,da-stable,0.515591,36.50,0.825013,0.559352,35.50,0.842582,0.604504,36.00,0.853333,0.604238,36.00,0.853333,6,641,641
moderate-4to1,200,50,0,inf,100,95,2026-09-03T19:41:26.428Z,40,da-stable,0.515591,36.50,0.825013,0.559352,35.50,0.842582,0.604504,36.00,0.853333,0.604238,36.00,0.853333,6,641,641
moderate-4to1,200,50,0,inf,100,96,2026-09-03T19:41:26.501Z,55,da-stable,0.515591,36.50,0.825013,0.559352,35.50,0.842582,0.604504,36.00,0.853333,0.604238,36.00,0.853333,10,641,641
moderate-4to1,200,50,0,inf,100,97,2026-09-03T19:41:26.614Z,67,da-stable,0.515591,36.50,0.825013,0.559352,35.50,0.842582,0.604504,36.00,0.853333,0.604238,36.00,0.853333,7,641,641
moderate-4to1,200,50,0,inf,100,98,2026-09-03T19:41:26.731Z,41,da-stable,0.515591,36.50,0.825013,0.559352,35.50,0.842582,0.604504,36.00,0.853333,0.604238,36.00,0.853333,6,641,641
moderate-4to1,200,50,0,inf,100,99,2026-09-03T19:41:26.803Z,47,da-stable,0.515591,36.50,0.825013,0.559352,35.50,0.842582,0.604504,36.00,0.853333,0.604238,36.00,0.853333,7,641,641
moderate-4to1,200,50,0,inf,100,100,2026-09-03T19:41:26.885Z,44,da-stable,0.515591,36.50,0.825013,0.559352,35.50,0.842582,0.604504,36.00,0.853333,0.604238,36.00,0.853333,6,641,641
